month,field,num_publications,unique_authors,avg_diversity_factor,num_publications_pct_change,unique_authors_pct_change,avg_diversity_factor_pct_change
2020-06,astro-ph,1385,10713,0.19133574007220217,3.4677,2.9314,-0.2196
2020-06,cond-mat,1337,6283,0.39416604338070305,2.8309,2.888,0.1758
2020-06,cs,5055,16347,0.6484668644906033,3.6547,3.0674,0.3648
2020-06,econ,109,229,1.091743119266055,4.7368,2.8814,-0.2022
2020-06,eess,807,3089,1.385377942998761,2.3908,2.3467,-0.0069
2020-06,gr-qc,300,804,0.9466666666666667,2.4884,2.8469,-0.0533
2020-06,hep-ex,44,3829,0.75,1.0952,0.2616,-0.125
2020-06,hep-lat,21,104,1.0952380952380953,1.1,1.1667,-0.0043
2020-06,hep-ph,429,1589,0.9790209790209791,3.7143,5.1589,0.0359
2020-06,hep-th,360,827,1.0444444444444445,2.6364,2.1931,-0.1922
2020-06,math,3224,6290,0.8027295285359801,2.7186,2.5218,0.0497
2020-06,math-ph,138,258,2.4855072463768115,4.52,3.8679,0.195
2020-06,nlin,84,237,1.2142857142857142,3.6667,3.8367,0.2857
2020-06,nucl-ex,31,1220,0.8064516129032258,0.6316,1.1942,-0.1935
2020-06,nucl-th,109,337,0.926605504587156,3.5417,2.8736,0.3899
2020-06,physics,1432,8537,0.6312849162011173,2.8598,2.9143,0.0272
2020-06,q-bio,260,1135,1.023076923076923,2.2099,2.2153,0.0762
2020-06,q-fin,99,243,0.9090909090909091,2.1935,2.1558,0.0839
2020-06,quant-ph,561,1926,0.6916221033868093,2.7905,2.6897,-0.1325
2020-06,stat,670,2024,1.108955223880597,4.1538,4.0099,0.1817
2020-07,astro-ph,1390,12204,0.23093525179856114,0.0036,0.1392,0.207
2020-07,cond-mat,1483,6452,0.3526635198921106,0.1092,0.0269,-0.1053
2020-07,cs,5003,16727,0.5316809914051569,-0.0103,0.0232,-0.1801
2020-07,econ,98,220,1.0612244897959184,-0.1009,-0.0393,-0.028
2020-07,eess,801,3116,1.3320848938826466,-0.0074,0.0087,-0.0385
2020-07,gr-qc,309,702,1.0194174757281553,0.03,-0.1269,0.0768
2020-07,hep-ex,59,3167,0.576271186440678,0.3409,-0.1729,-0.2316
2020-07,hep-lat,36,127,1.6944444444444444,0.7143,0.2212,0.5471
2020-07,hep-ph,404,1238,0.8589108910891089,-0.0583,-0.2209,-0.1227
2020-07,hep-th,359,893,1.0250696378830084,-0.0028,0.0798,-0.0186
2020-07,math,3099,6218,0.8228460793804453,-0.0388,-0.0114,0.0251
2020-07,math-ph,134,284,2.5970149253731343,-0.029,0.1008,0.0449
2020-07,nlin,76,228,0.6973684210526315,-0.0952,-0.038,-0.4257
2020-07,nucl-ex,40,1389,0.525,0.2903,0.1385,-0.349
2020-07,nucl-th,109,322,0.9724770642201835,0.0,-0.0445,0.0495
2020-07,physics,1452,8784,0.5971074380165289,0.014,0.0289,-0.0541
2020-07,q-bio,257,1111,1.0350194552529184,-0.0115,-0.0211,0.0117
2020-07,q-fin,82,203,0.8536585365853658,-0.1717,-0.1646,-0.061
2020-07,quant-ph,535,1844,0.7532710280373832,-0.0463,-0.0426,0.0891
2020-07,stat,525,1557,0.8552380952380952,-0.2164,-0.2307,-0.2288
2020-08,astro-ph,1124,9309,0.2277580071174377,-0.1914,-0.2372,-0.0138
2020-08,cond-mat,1295,5636,0.3258687258687259,-0.1268,-0.1265,-0.076
2020-08,cs,3980,13180,0.46984924623115576,-0.2045,-0.2121,-0.1163
2020-08,econ,77,190,1.0389610389610389,-0.2143,-0.1364,-0.021
2020-08,eess,887,3456,1.2931228861330326,0.1074,0.1091,-0.0292
2020-08,gr-qc,257,971,0.8249027237354085,-0.1683,0.3832,-0.1908
2020-08,hep-ex,57,3603,0.47368421052631576,-0.0339,0.1377,-0.178
2020-08,hep-lat,30,112,1.3333333333333333,-0.1667,-0.1181,-0.2131
2020-08,hep-ph,389,1153,1.025706940874036,-0.0371,-0.0687,0.1942
2020-08,hep-th,299,693,1.1906354515050168,-0.1671,-0.224,0.1615
2020-08,math,2659,5250,0.8123354644603235,-0.142,-0.1557,-0.0128
2020-08,math-ph,127,258,2.6377952755905514,-0.0522,-0.0915,0.0157
2020-08,nlin,84,209,1.2023809523809523,0.1053,-0.0833,0.7242
2020-08,nucl-ex,36,1067,0.7222222222222222,-0.1,-0.2318,0.3757
2020-08,nucl-th,95,293,0.7789473684210526,-0.1284,-0.0901,-0.199
2020-08,physics,1260,6028,0.584920634920635,-0.1322,-0.3138,-0.0204
2020-08,q-bio,192,727,0.96875,-0.2529,-0.3456,-0.064
2020-08,q-fin,67,165,0.9104477611940298,-0.1829,-0.1872,0.0665
2020-08,quant-ph,497,1670,0.7283702213279678,-0.071,-0.0944,-0.0331
2020-08,stat,364,1108,0.8736263736263736,-0.3067,-0.2884,0.0215
2020-09,astro-ph,1386,11297,0.23881673881673882,0.2331,0.2136,0.0486
2020-09,cond-mat,1422,6367,0.37834036568213786,0.0981,0.1297,0.161
2020-09,cs,4268,14257,0.4641518275538894,0.0724,0.0817,-0.0121
2020-09,econ,82,185,1.048780487804878,0.0649,-0.0263,0.0095
2020-09,eess,806,3055,1.2357320099255582,-0.0913,-0.116,-0.0444
2020-09,gr-qc,267,2101,1.0224719101123596,0.0389,1.1637,0.2395
2020-09,hep-ex,44,2811,0.4318181818181818,-0.2281,-0.2198,-0.0884
2020-09,hep-lat,39,139,1.564102564102564,0.3,0.2411,0.1731
2020-09,hep-ph,371,1133,0.9757412398921833,-0.0463,-0.0173,-0.0487
2020-09,hep-th,307,718,0.996742671009772,0.0268,0.0361,-0.1628
2020-09,math,2984,5770,0.767426273458445,0.1222,0.099,-0.0553
2020-09,math-ph,124,226,2.532258064516129,-0.0236,-0.124,-0.04
2020-09,nlin,93,259,0.9354838709677419,0.1071,0.2392,-0.222
2020-09,nucl-ex,50,750,0.64,0.3889,-0.2971,-0.1138
2020-09,nucl-th,117,396,0.8974358974358975,0.2316,0.3515,0.1521
2020-09,physics,1245,7169,0.5060240963855421,-0.0119,0.1893,-0.1349
2020-09,q-bio,190,756,0.9315789473684211,-0.0104,0.0399,-0.0384
2020-09,q-fin,99,252,0.5959595959595959,0.4776,0.5273,-0.3454
2020-09,quant-ph,538,1927,0.6840148698884758,0.0825,0.1539,-0.0609
2020-09,stat,373,1122,0.8337801608579088,0.0247,0.0126,-0.0456
2020-10,astro-ph,1331,12148,0.21487603305785125,-0.0397,0.0753,-0.1002
2020-10,cond-mat,1400,6514,0.36857142857142855,-0.0155,0.0231,-0.0258
2020-10,cs,6016,19613,0.386968085106383,0.4096,0.3757,-0.1663
2020-10,econ,121,262,1.0909090909090908,0.4756,0.4162,0.0402
2020-10,eess,807,3052,1.2490706319702602,0.0012,-0.001,0.0108
2020-10,gr-qc,304,2346,1.082236842105263,0.1386,0.1166,0.0585
2020-10,hep-ex,55,2590,0.509090909090909,0.25,-0.0786,0.1789
2020-10,hep-lat,37,129,1.4324324324324325,-0.0513,-0.0719,-0.0842
2020-10,hep-ph,362,1091,0.9779005524861878,-0.0243,-0.0371,0.0022
2020-10,hep-th,318,783,1.0943396226415094,0.0358,0.0905,0.0979
2020-10,math,3046,6024,0.7951411687458962,0.0208,0.044,0.0361
2020-10,math-ph,98,205,2.6122448979591835,-0.2097,-0.0929,0.0316
2020-10,nlin,74,216,1.0945945945945945,-0.2043,-0.166,0.1701
2020-10,nucl-ex,39,964,0.717948717948718,-0.22,0.2853,0.1218
2020-10,nucl-th,119,423,0.8487394957983193,0.0171,0.0682,-0.0543
2020-10,physics,1272,6504,0.5511006289308176,0.0217,-0.0928,0.0891
2020-10,q-bio,214,936,0.9813084112149533,0.1263,0.2381,0.0534
2020-10,q-fin,77,198,0.8701298701298701,-0.2222,-0.2143,0.46
2020-10,quant-ph,553,1945,0.7269439421338155,0.0279,0.0093,0.0628
2020-10,stat,466,1482,0.9012875536480687,0.2493,0.3209,0.081
2020-11,astro-ph,1297,10236,0.23978411719352352,-0.0255,-0.1574,0.1159
2020-11,cond-mat,1411,6305,0.3706591070163005,0.0079,-0.0321,0.0057
2020-11,cs,4811,16226,0.36354188318436914,-0.2003,-0.1727,-0.0605
2020-11,econ,114,269,1.2017543859649122,-0.0579,0.0267,0.1016
2020-11,eess,744,2834,1.2271505376344085,-0.0781,-0.0714,-0.0175
2020-11,gr-qc,272,756,0.9338235294117647,-0.1053,-0.6777,-0.1371
2020-11,hep-ex,52,3433,0.6346153846153846,-0.0545,0.3255,0.2466
2020-11,hep-lat,36,141,1.3611111111111112,-0.027,0.093,-0.0498
2020-11,hep-ph,374,1071,0.8556149732620321,0.0331,-0.0183,-0.125
2020-11,hep-th,342,815,1.0380116959064327,0.0755,0.0409,-0.0515
2020-11,math,2807,5520,0.826148913430709,-0.0785,-0.0837,0.039
2020-11,math-ph,96,197,2.46875,-0.0204,-0.039,-0.0549
2020-11,nlin,60,163,1.3666666666666667,-0.1892,-0.2454,0.2486
2020-11,nucl-ex,40,1075,0.65,0.0256,0.1151,-0.0946
2020-11,nucl-th,87,303,0.8160919540229885,-0.2689,-0.2837,-0.0385
2020-11,physics,1126,6368,0.5506216696269982,-0.1148,-0.0209,-0.0009
2020-11,q-bio,209,909,0.8708133971291866,-0.0234,-0.0288,-0.1126
2020-11,q-fin,70,185,0.5285714285714286,-0.0909,-0.0657,-0.3925
2020-11,quant-ph,592,2028,0.7905405405405406,0.0705,0.0427,0.0875
2020-11,stat,428,1297,0.8387850467289719,-0.0815,-0.1248,-0.0693
2020-12,astro-ph,1354,12849,0.23485967503692762,0.0439,0.2553,-0.0205
2020-12,cond-mat,1520,6735,0.3717105263157895,0.0773,0.0682,0.0028
2020-12,cs,4858,16484,0.34829147797447507,0.0098,0.0159,-0.0419
2020-12,econ,135,291,1.037037037037037,0.1842,0.0818,-0.1371
2020-12,eess,647,2527,1.187017001545595,-0.1304,-0.1083,-0.0327
2020-12,gr-qc,317,2206,1.0410094637223974,0.1654,1.918,0.1148
2020-12,hep-ex,76,3414,0.40789473684210525,0.4615,-0.0055,-0.3573
2020-12,hep-lat,31,90,1.5483870967741935,-0.1389,-0.3617,0.1376
2020-12,hep-ph,516,1665,0.8158914728682171,0.3797,0.5546,-0.0464
2020-12,hep-th,422,966,0.9976303317535545,0.2339,0.1853,-0.0389
2020-12,math,3063,6121,0.8158667972575906,0.0912,0.1089,-0.0124
2020-12,math-ph,102,208,2.696078431372549,0.0625,0.0558,0.0921
2020-12,nlin,77,199,1.1818181818181819,0.2833,0.2209,-0.1353
2020-12,nucl-ex,40,1185,0.65,0.0,0.1023,0.0
2020-12,nucl-th,96,362,0.6666666666666666,0.1034,0.1947,-0.1831
2020-12,physics,1194,7217,0.5008375209380235,0.0604,0.1333,-0.0904
2020-12,q-bio,179,739,0.888268156424581,-0.1435,-0.187,0.02
2020-12,q-fin,70,168,0.9857142857142858,0.0,-0.0919,0.8649
2020-12,quant-ph,619,2315,0.8239095315024233,0.0456,0.1415,0.0422
2020-12,stat,400,1271,0.92,-0.0654,-0.02,0.0968
2021-01,astro-ph,1207,11180,0.23363711681855842,-0.1086,-0.1299,-0.0052
2021-01,cond-mat,1220,5748,0.35,-0.1974,-0.1465,-0.0584
2021-01,cs,3973,13383,0.36597029952177196,-0.1822,-0.1881,0.0508
2021-01,econ,105,243,1.019047619047619,-0.2222,-0.1649,-0.0173
2021-01,eess,590,2167,1.1813559322033897,-0.0881,-0.1425,-0.0048
2021-01,gr-qc,282,2265,1.0319148936170213,-0.1104,0.0267,-0.0087
2021-01,hep-ex,45,3007,0.4888888888888889,-0.4079,-0.1192,0.1986
2021-01,hep-lat,31,111,1.2258064516129032,0.0,0.2333,-0.2083
2021-01,hep-ph,300,911,0.8866666666666667,-0.4186,-0.4529,0.0867
2021-01,hep-th,242,546,1.0909090909090908,-0.4265,-0.4348,0.0935
2021-01,math,2754,5449,0.8424110384894699,-0.1009,-0.1098,0.0325
2021-01,math-ph,90,189,2.511111111111111,-0.1176,-0.0913,-0.0686
2021-01,nlin,63,168,1.2222222222222223,-0.1818,-0.1558,0.0342
2021-01,nucl-ex,36,1040,0.5833333333333334,-0.1,-0.1224,-0.1026
2021-01,nucl-th,81,224,0.8395061728395061,-0.1562,-0.3812,0.2593
2021-01,physics,1110,5654,0.5252252252252252,-0.0704,-0.2166,0.0487
2021-01,q-bio,173,750,0.9710982658959537,-0.0335,0.0149,0.0932
2021-01,q-fin,66,149,0.8787878787878788,-0.0571,-0.1131,-0.1085
2021-01,quant-ph,463,1748,0.8099352051835853,-0.252,-0.2449,-0.017
2021-01,stat,354,1107,0.8022598870056498,-0.115,-0.129,-0.128
2021-02,astro-ph,1085,8103,0.2894009216589862,-0.1011,-0.2752,0.2387
2021-02,cond-mat,1273,5843,0.37470542026708564,0.0434,0.0165,0.0706
2021-02,cs,4683,15793,0.41639974375400385,0.1787,0.1801,0.1378
2021-02,econ,155,312,0.9935483870967742,0.4762,0.284,-0.025
2021-02,eess,612,2418,1.2696078431372548,0.0373,0.1158,0.0747
2021-02,gr-qc,226,512,0.9424778761061947,-0.1986,-0.774,-0.0867
2021-02,hep-ex,62,2447,0.6290322580645161,0.3778,-0.1862,0.2867
2021-02,hep-lat,33,127,1.1515151515151516,0.0645,0.1441,-0.0606
2021-02,hep-ph,353,1091,0.9461756373937678,0.1767,0.1976,0.0671
2021-02,hep-th,237,536,1.109704641350211,-0.0207,-0.0183,0.0172
2021-02,math,2586,5156,0.8472544470224285,-0.061,-0.0538,0.0057
2021-02,math-ph,75,146,2.7866666666666666,-0.1667,-0.2275,0.1097
2021-02,nlin,79,203,1.1265822784810127,0.254,0.2083,-0.0783
2021-02,nucl-ex,31,955,0.7741935483870968,-0.1389,-0.0817,0.3272
2021-02,nucl-th,92,365,0.9347826086956522,0.1358,0.6295,0.1135
2021-02,physics,1045,4808,0.5033492822966508,-0.0586,-0.1496,-0.0417
2021-02,q-bio,184,742,0.8695652173913043,0.0636,-0.0107,-0.1046
2021-02,q-fin,62,161,0.7903225806451613,-0.0606,0.0805,-0.1007
2021-02,quant-ph,514,2229,0.7684824902723736,0.1102,0.2752,-0.0512
2021-02,stat,433,1294,1.002309468822171,0.2232,0.1689,0.2494
2021-03,astro-ph,1225,9046,0.24653061224489795,0.129,0.1164,-0.1481
2021-03,cond-mat,1594,7340,0.37327478042659973,0.2522,0.2562,-0.0038
2021-03,cs,5676,19304,0.3165961945031712,0.212,0.2223,-0.2397
2021-03,econ,130,290,1.0615384615384615,-0.1613,-0.0705,0.0684
2021-03,eess,795,2980,1.2490566037735849,0.299,0.2324,-0.0162
2021-03,gr-qc,303,2355,0.9438943894389439,0.3407,3.5996,0.0015
2021-03,hep-ex,68,4802,0.47058823529411764,0.0968,0.9624,-0.2519
2021-03,hep-lat,35,148,1.4857142857142858,0.0606,0.1654,0.2902
2021-03,hep-ph,399,1170,0.9323308270676691,0.1303,0.0724,-0.0146
2021-03,hep-th,329,788,1.1428571428571428,0.3882,0.4701,0.0299
2021-03,math,3149,6316,0.8189901556049539,0.2177,0.225,-0.0334
2021-03,math-ph,87,182,2.5402298850574714,0.16,0.2466,-0.0884
2021-03,nlin,67,199,1.3134328358208955,-0.1519,-0.0197,0.1659
2021-03,nucl-ex,39,1282,0.6153846153846154,0.2581,0.3424,-0.2051
2021-03,nucl-th,114,336,0.7982456140350878,0.2391,-0.0795,-0.1461
2021-03,physics,1339,8476,0.5235250186706497,0.2813,0.7629,0.0401
2021-03,q-bio,193,785,0.8031088082901554,0.0489,0.058,-0.0764
2021-03,q-fin,90,221,0.8777777777777778,0.4516,0.3727,0.1107
2021-03,quant-ph,713,2585,0.8274894810659187,0.3872,0.1597,0.0768
2021-03,stat,449,1343,0.8329621380846325,0.037,0.0379,-0.169
2021-04,astro-ph,1090,10374,0.22385321100917432,-0.1102,0.1468,-0.092
2021-04,cond-mat,1330,6014,0.3894736842105263,-0.1656,-0.1807,0.0434
2021-04,cs,5348,18261,0.2956245325355273,-0.0578,-0.054,-0.0662
2021-04,econ,112,254,1.0803571428571428,-0.1385,-0.1241,0.0177
2021-04,eess,682,2779,1.2727272727272727,-0.1421,-0.0674,0.019
2021-04,gr-qc,289,767,0.8512110726643599,-0.0462,-0.6743,-0.0982
2021-04,hep-ex,51,3770,0.47058823529411764,-0.25,-0.2149,0.0
2021-04,hep-lat,23,102,1.608695652173913,-0.3429,-0.3108,0.0828
2021-04,hep-ph,423,1236,0.8959810874704491,0.0602,0.0564,-0.039
2021-04,hep-th,278,664,1.0827338129496402,-0.155,-0.1574,-0.0526
2021-04,math,2770,5490,0.8346570397111913,-0.1204,-0.1308,0.0191
2021-04,math-ph,91,182,2.4945054945054945,0.046,0.0,-0.018
2021-04,nlin,77,172,0.948051948051948,0.1493,-0.1357,-0.2782
2021-04,nucl-ex,26,432,0.6923076923076923,-0.3333,-0.663,0.125
2021-04,nucl-th,88,304,1.0113636363636365,-0.2281,-0.0952,0.267
2021-04,physics,1198,6511,0.5467445742904842,-0.1053,-0.2318,0.0444
2021-04,q-bio,165,751,0.8242424242424242,-0.1451,-0.0433,0.0263
2021-04,q-fin,66,176,0.9393939393939394,-0.2667,-0.2036,0.0702
2021-04,quant-ph,595,2306,0.8050420168067227,-0.1655,-0.1079,-0.0271
2021-04,stat,377,1211,0.8753315649867374,-0.1604,-0.0983,0.0509
2021-05,astro-ph,1115,10378,0.24753363228699551,0.0229,0.0004,0.1058
2021-05,cond-mat,1353,6254,0.36807095343680707,0.0173,0.0399,-0.055
2021-05,cs,5148,17342,0.36713286713286714,-0.0374,-0.0503,0.2419
2021-05,econ,129,314,1.0310077519379846,0.1518,0.2362,-0.0457
2021-05,eess,615,2556,1.191869918699187,-0.0982,-0.0802,-0.0635
2021-05,gr-qc,346,2489,0.9248554913294798,0.1972,2.2451,0.0865
2021-05,hep-ex,77,2859,0.4025974025974026,0.5098,-0.2416,-0.1445
2021-05,hep-lat,32,113,1.40625,0.3913,0.1078,-0.1258
2021-05,hep-ph,432,1351,0.8773148148148148,0.0213,0.093,-0.0208
2021-05,hep-th,329,767,1.1337386018237081,0.1835,0.1551,0.0471
2021-05,math,2953,5902,0.8408398239078902,0.0661,0.075,0.0074
2021-05,math-ph,86,200,2.5697674418604652,-0.0549,0.0989,0.0302
2021-05,nlin,72,199,1.0694444444444444,-0.0649,0.157,0.128
2021-05,nucl-ex,34,860,0.8235294117647058,0.3077,0.9907,0.1895
2021-05,nucl-th,93,292,0.8387096774193549,0.0568,-0.0395,-0.1707
2021-05,physics,1146,6402,0.5532286212914486,-0.0434,-0.0167,0.0119
2021-05,q-bio,159,693,0.9119496855345912,-0.0364,-0.0772,0.1064
2021-05,q-fin,67,155,0.9104477611940298,0.0152,-0.1193,-0.0308
2021-05,quant-ph,614,2177,0.8175895765472313,0.0319,-0.0559,0.0156
2021-05,stat,410,1222,0.7682926829268293,0.0875,0.0091,-0.1223
2021-06,astro-ph,1171,10688,0.2502134927412468,0.0502,0.0299,0.0108
2021-06,cond-mat,1335,6083,0.41947565543071164,-0.0133,-0.0273,0.1397
2021-06,cs,5980,20158,0.3560200668896321,0.1616,0.1624,-0.0303
2021-06,econ,102,254,1.0784313725490196,-0.2093,-0.1911,0.046
2021-06,eess,729,2896,1.2277091906721536,0.1854,0.133,0.0301
2021-06,gr-qc,273,702,1.0805860805860805,-0.211,-0.718,0.1684
2021-06,hep-ex,57,3334,0.5263157894736842,-0.2597,0.1661,0.3073
2021-06,hep-lat,29,104,1.2413793103448276,-0.0938,-0.0796,-0.1172
2021-06,hep-ph,380,1179,0.881578947368421,-0.1204,-0.1273,0.0049
2021-06,hep-th,324,788,1.037037037037037,-0.0152,0.0274,-0.0853
2021-06,math,2940,6022,0.8346938775510204,-0.0044,0.0203,-0.0073
2021-06,math-ph,104,222,2.5576923076923075,0.2093,0.11,-0.0047
2021-06,nlin,68,184,0.7941176470588235,-0.0556,-0.0754,-0.2574
2021-06,nucl-ex,31,1176,0.9032258064516129,-0.0882,0.3674,0.0968
2021-06,nucl-th,91,333,0.9340659340659341,-0.0215,0.1404,0.1137
2021-06,physics,1204,6289,0.532392026578073,0.0506,-0.0177,-0.0377
2021-06,q-bio,165,635,0.8363636363636363,0.0377,-0.0837,-0.0829
2021-06,q-fin,83,228,0.8795180722891566,0.2388,0.471,-0.034
2021-06,quant-ph,629,2358,0.8410174880763116,0.0244,0.0831,0.0287
2021-06,stat,531,1674,0.9566854990583804,0.2951,0.3699,0.2452
2021-07,astro-ph,1274,9330,0.25510204081632654,0.088,-0.1271,0.0195
2021-07,cond-mat,1335,5823,0.448689138576779,0.0,-0.0427,0.0696
2021-07,cs,4806,16899,0.381398252184769,-0.1963,-0.1617,0.0713
2021-07,econ,116,265,1.146551724137931,0.1373,0.0433,0.0632
2021-07,eess,649,2511,1.2604006163328196,-0.1097,-0.1329,0.0266
2021-07,gr-qc,296,2453,1.087837837837838,0.0842,2.4943,0.0067
2021-07,hep-ex,85,4687,0.5647058823529412,0.4912,0.4058,0.0729
2021-07,hep-lat,37,135,1.3783783783783783,0.2759,0.2981,0.1104
2021-07,hep-ph,461,1392,0.8438177874186551,0.2132,0.1807,-0.0428
2021-07,hep-th,295,712,1.111864406779661,-0.0895,-0.0964,0.0722
2021-07,math,2929,5942,0.806077159440082,-0.0037,-0.0133,-0.0343
2021-07,math-ph,95,203,2.736842105263158,-0.0865,-0.0856,0.07
2021-07,nlin,61,160,1.2459016393442623,-0.1029,-0.1304,0.5689
2021-07,nucl-ex,35,958,0.7714285714285715,0.129,-0.1854,-0.1459
2021-07,nucl-th,92,297,0.9565217391304348,0.011,-0.1081,0.024
2021-07,physics,1209,7245,0.5740281224152192,0.0042,0.152,0.0782
2021-07,q-bio,169,789,0.9230769230769231,0.0242,0.2425,0.1037
2021-07,q-fin,92,231,1.0434782608695652,0.1084,0.0132,0.1864
2021-07,quant-ph,608,2246,0.7648026315789473,-0.0334,-0.0475,-0.0906
2021-07,stat,378,1151,0.8835978835978836,-0.2881,-0.3124,-0.0764
2021-08,astro-ph,1117,8439,0.2864816472694718,-0.1232,-0.0955,0.123
2021-08,cond-mat,1244,5436,0.39228295819935693,-0.0682,-0.0665,-0.1257
2021-08,cs,4577,15862,0.30893598426917196,-0.0476,-0.0614,-0.19
2021-08,econ,100,215,1.13,-0.1379,-0.1887,-0.0144
2021-08,eess,605,2383,1.193388429752066,-0.0678,-0.051,-0.0532
2021-08,gr-qc,274,2071,1.0255474452554745,-0.0743,-0.1557,-0.0573
2021-08,hep-ex,55,3393,0.5272727272727272,-0.3529,-0.2761,-0.0663
2021-08,hep-lat,28,102,1.0714285714285714,-0.2432,-0.2444,-0.2227
2021-08,hep-ph,385,1094,0.8961038961038961,-0.1649,-0.2141,0.062
2021-08,hep-th,272,636,1.0,-0.078,-0.1067,-0.1006
2021-08,math,2639,5223,0.8097764304660856,-0.099,-0.121,0.0046
2021-08,math-ph,111,212,2.4054054054054053,0.1684,0.0443,-0.1211
2021-08,nlin,55,146,1.4181818181818182,-0.0984,-0.0875,0.1383
2021-08,nucl-ex,35,740,1.0,0.0,-0.2276,0.2963
2021-08,nucl-th,85,315,1.0,-0.0761,0.0606,0.0455
2021-08,physics,1105,6510,0.5113122171945701,-0.086,-0.1014,-0.1093
2021-08,q-bio,142,608,0.8098591549295775,-0.1598,-0.2294,-0.1227
2021-08,q-fin,60,133,0.7666666666666667,-0.3478,-0.4242,-0.2653
2021-08,quant-ph,563,2085,0.7921847246891652,-0.074,-0.0717,0.0358
2021-08,stat,308,945,0.8538961038961039,-0.1852,-0.179,-0.0336
2021-09,astro-ph,1334,12593,0.24587706146926536,0.1943,0.4922,-0.1417
2021-09,cond-mat,1278,5675,0.365414710485133,0.0273,0.044,-0.0685
2021-09,cs,5326,18255,0.3146826886969583,0.1636,0.1509,0.0186
2021-09,econ,110,262,0.9727272727272728,0.1,0.2186,-0.1392
2021-09,eess,694,2818,1.355907780979827,0.1471,0.1825,0.1362
2021-09,gr-qc,273,739,0.9963369963369964,-0.0036,-0.6432,-0.0285
2021-09,hep-ex,69,3973,0.4782608695652174,0.2545,0.1709,-0.093
2021-09,hep-lat,40,145,0.85,0.4286,0.4216,-0.2067
2021-09,hep-ph,428,1460,0.883177570093458,0.1117,0.3346,-0.0144
2021-09,hep-th,294,692,1.2619047619047619,0.0809,0.0881,0.2619
2021-09,math,2895,5837,0.7865284974093264,0.097,0.1176,-0.0287
2021-09,math-ph,88,168,2.6136363636363638,-0.2072,-0.2075,0.0866
2021-09,nlin,64,161,1.78125,0.1636,0.1027,0.256
2021-09,nucl-ex,37,944,0.8108108108108109,0.0571,0.2757,-0.1892
2021-09,nucl-th,92,275,0.967391304347826,0.0824,-0.127,-0.0326
2021-09,physics,1102,5879,0.5825771324863884,-0.0027,-0.0969,0.1394
2021-09,q-bio,175,687,0.8914285714285715,0.2324,0.1299,0.1007
2021-09,q-fin,57,137,0.8596491228070176,-0.05,0.0301,0.1213
2021-09,quant-ph,578,2104,0.754325259515571,0.0266,0.0091,-0.0478
2021-09,stat,376,1152,0.75,0.2208,0.219,-0.1217
2021-10,astro-ph,1281,9600,0.25604996096799376,-0.0397,-0.2377,0.0414
2021-10,cond-mat,1394,6406,0.3952654232424677,0.0908,0.1288,0.0817
2021-10,cs,5795,19944,0.363244176013805,0.0881,0.0925,0.1543
2021-10,econ,97,212,0.8969072164948454,-0.1182,-0.1908,-0.0779
2021-10,eess,862,3228,1.2621809744779582,0.2421,0.1455,-0.0691
2021-10,gr-qc,305,2415,0.9704918032786886,0.1172,2.2679,-0.0259
2021-10,hep-ex,97,4418,0.5257731958762887,0.4058,0.112,0.0993
2021-10,hep-lat,82,285,1.0365853658536586,1.05,0.9655,0.2195
2021-10,hep-ph,468,1269,0.7307692307692307,0.0935,-0.1308,-0.1726
2021-10,hep-th,344,799,0.9331395348837209,0.1701,0.1546,-0.2605
2021-10,math,2924,5997,0.8060875512995896,0.01,0.0274,0.0249
2021-10,math-ph,85,174,2.411764705882353,-0.0341,0.0357,-0.0772
2021-10,nlin,59,149,1.3728813559322033,-0.0781,-0.0745,-0.2293
2021-10,nucl-ex,54,1324,0.9259259259259259,0.4595,0.4025,0.142
2021-10,nucl-th,76,246,0.8947368421052632,-0.1739,-0.1055,-0.0751
2021-10,physics,1145,5926,0.6078602620087337,0.039,0.008,0.0434
2021-10,q-bio,190,834,0.8947368421052632,0.0857,0.214,0.0037
2021-10,q-fin,63,161,0.9206349206349206,0.1053,0.1752,0.0709
2021-10,quant-ph,642,2267,0.8037383177570093,0.1107,0.0775,0.0655
2021-10,stat,499,1503,0.9939879759519038,0.3271,0.3047,0.3253
2021-11,astro-ph,1370,12347,0.2635036496350365,0.0695,0.2861,0.0291
2021-11,cond-mat,1350,6175,0.38592592592592595,-0.0316,-0.0361,-0.0236
2021-11,cs,4772,16881,0.35666387259010895,-0.1765,-0.1536,-0.0181
2021-11,econ,102,211,1.0196078431372548,0.0515,-0.0047,0.1368
2021-11,eess,659,2594,1.2867981790591805,-0.2355,-0.1964,0.0195
2021-11,gr-qc,309,2507,0.9870550161812298,0.0131,0.0381,0.0171
2021-11,hep-ex,79,3477,0.5822784810126582,-0.1856,-0.213,0.1075
2021-11,hep-lat,157,520,0.8089171974522293,0.9146,0.8246,-0.2196
2021-11,hep-ph,438,1459,0.8835616438356164,-0.0641,0.1497,0.2091
2021-11,hep-th,359,886,1.0083565459610029,0.0436,0.1089,0.0806
2021-11,math,2899,5788,0.8178682304242842,-0.0085,-0.0349,0.0146
2021-11,math-ph,98,208,2.7857142857142856,0.1529,0.1954,0.1551
2021-11,nlin,63,163,1.1428571428571428,0.0678,0.094,-0.1675
2021-11,nucl-ex,39,2581,0.8717948717948718,-0.2778,0.9494,-0.0585
2021-11,nucl-th,104,379,0.8653846153846154,0.3684,0.5407,-0.0328
2021-11,physics,1138,6264,0.5421792618629174,-0.0061,0.057,-0.1081
2021-11,q-bio,198,755,1.1313131313131313,0.0421,-0.0947,0.2644
2021-11,q-fin,66,183,0.9090909090909091,0.0476,0.1366,-0.0125
2021-11,quant-ph,643,2411,0.7853810264385692,0.0016,0.0635,-0.0228
2021-11,stat,395,1220,0.8835443037974684,-0.2084,-0.1883,-0.1111
2021-12,astro-ph,1194,9134,0.27554438860971525,-0.1285,-0.2602,0.0457
2021-12,cond-mat,1443,6385,0.42203742203742206,0.0689,0.034,0.0936
2021-12,cs,4887,17346,0.31573562512789033,0.0241,0.0275,-0.1148
2021-12,econ,112,235,1.0,0.098,0.1137,-0.0192
2021-12,eess,581,2503,1.3476764199655766,-0.1184,-0.0351,0.0473
2021-12,gr-qc,349,2703,1.0229226361031518,0.1294,0.0782,0.0363
2021-12,hep-ex,64,3705,0.46875,-0.1899,0.0656,-0.195
2021-12,hep-lat,142,470,0.8450704225352113,-0.0955,-0.0962,0.0447
2021-12,hep-ph,512,1612,0.873046875,0.1689,0.1049,-0.0119
2021-12,hep-th,467,1071,1.0128479657387581,0.3008,0.2088,0.0045
2021-12,math,2974,6108,0.8275050437121722,0.0259,0.0553,0.0118
2021-12,math-ph,94,183,2.425531914893617,-0.0408,-0.1202,-0.1293
2021-12,nlin,58,168,1.2413793103448276,-0.0794,0.0307,0.0862
2021-12,nucl-ex,28,1019,0.7857142857142857,-0.2821,-0.6052,-0.0987
2021-12,nucl-th,102,329,1.088235294117647,-0.0192,-0.1319,0.2575
2021-12,physics,1118,5875,0.5143112701252236,-0.0176,-0.0621,-0.0514
2021-12,q-bio,182,811,0.8846153846153846,-0.0808,0.0742,-0.2181
2021-12,q-fin,78,207,0.8974358974358975,0.1818,0.1311,-0.0128
2021-12,quant-ph,734,2652,0.8365122615803815,0.1415,0.1,0.0651
2021-12,stat,374,1160,0.8475935828877005,-0.0532,-0.0492,-0.0407
2022-01,astro-ph,1113,10400,0.24887690925426775,-0.0678,0.1386,-0.0968
2022-01,cond-mat,1259,6008,0.3812549642573471,-0.1275,-0.059,-0.0966
2022-01,cs,4262,14916,0.3716564992961051,-0.1279,-0.1401,0.1771
2022-01,econ,104,230,1.1057692307692308,-0.0714,-0.0213,0.1058
2022-01,eess,624,2517,1.3012820512820513,0.074,0.0056,-0.0344
2022-01,gr-qc,271,2341,1.0738007380073802,-0.2235,-0.1339,0.0497
2022-01,hep-ex,65,3089,0.5692307692307692,0.0156,-0.1663,0.2144
2022-01,hep-lat,52,209,0.9038461538461539,-0.6338,-0.5553,0.0696
2022-01,hep-ph,360,1301,0.8805555555555555,-0.2969,-0.1929,0.0086
2022-01,hep-th,261,596,1.0842911877394636,-0.4411,-0.4435,0.0705
2022-01,math,2659,5368,0.8021812711545694,-0.1059,-0.1212,-0.0306
2022-01,math-ph,99,230,2.898989898989899,0.0532,0.2568,0.1952
2022-01,nlin,63,152,1.3968253968253967,0.0862,-0.0952,0.1252
2022-01,nucl-ex,24,666,0.7083333333333334,-0.1429,-0.3464,-0.0985
2022-01,nucl-th,101,354,0.8217821782178217,-0.0098,0.076,-0.2448
2022-01,physics,1101,6245,0.5149863760217984,-0.0152,0.063,0.0013
2022-01,q-bio,171,850,0.8596491228070176,-0.0604,0.0481,-0.0282
2022-01,q-fin,71,184,0.8732394366197183,-0.0897,-0.1111,-0.027
2022-01,quant-ph,540,1951,0.7481481481481481,-0.2643,-0.2643,-0.1056
2022-01,stat,337,1055,0.8961424332344213,-0.0989,-0.0905,0.0573
2022-02,astro-ph,1025,8617,0.2682926829268293,-0.0791,-0.1714,0.078
2022-02,cond-mat,1308,5701,0.4212538226299694,0.0389,-0.0511,0.1049
2022-02,cs,4778,16573,0.40288823775638344,0.1211,0.1111,0.084
2022-02,econ,116,260,1.043103448275862,0.1154,0.1304,-0.0567
2022-02,eess,689,2816,1.3802612481857766,0.1042,0.1188,0.0607
2022-02,gr-qc,229,567,0.9126637554585153,-0.155,-0.7578,-0.1501
2022-02,hep-ex,62,2244,0.7096774193548387,-0.0462,-0.2736,0.2467
2022-02,hep-lat,32,183,1.15625,-0.3846,-0.1244,0.2793
2022-02,hep-ph,348,1073,0.8333333333333334,-0.0333,-0.1752,-0.0536
2022-02,hep-th,283,693,1.0070671378091873,0.0843,0.1628,-0.0712
2022-02,math,2637,5249,0.783086841107319,-0.0083,-0.0222,-0.0238
2022-02,math-ph,92,194,2.510869565217391,-0.0707,-0.1565,-0.1339
2022-02,nlin,47,109,1.2553191489361701,-0.254,-0.2829,-0.1013
2022-02,nucl-ex,35,1491,0.6285714285714286,0.4583,1.2387,-0.1126
2022-02,nucl-th,84,375,0.9880952380952381,-0.1683,0.0593,0.2024
2022-02,physics,1026,6416,0.5497076023391813,-0.0681,0.0274,0.0674
2022-02,q-bio,160,691,1.01875,-0.0643,-0.1871,0.1851
2022-02,q-fin,85,196,0.7294117647058823,0.1972,0.0652,-0.1647
2022-02,quant-ph,549,2173,0.8724954462659381,0.0167,0.1138,0.1662
2022-02,stat,443,1489,0.9142212189616253,0.3145,0.4114,0.0202
2022-03,astro-ph,1303,11854,0.2816577129700691,0.2712,0.3757,0.0498
2022-03,cond-mat,1449,6769,0.39889579020013805,0.1078,0.1873,-0.0531
2022-03,cs,6042,21331,0.3214167494207216,0.2645,0.2871,-0.2022
2022-03,econ,88,208,1.0113636363636365,-0.2414,-0.2,-0.0304
2022-03,eess,961,3718,1.380853277835588,0.3948,0.3203,0.0004
2022-03,gr-qc,317,2662,1.053627760252366,0.3843,3.6949,0.1545
2022-03,hep-ex,136,6045,0.8970588235294118,1.1935,1.6939,0.264
2022-03,hep-lat,42,177,1.0476190476190477,0.3125,-0.0328,-0.094
2022-03,hep-ph,502,3335,0.9601593625498008,0.4425,2.1081,0.1522
2022-03,hep-th,340,809,0.9941176470588236,0.2014,0.1674,-0.0129
2022-03,math,3083,6136,0.8199805384365877,0.1691,0.169,0.0471
2022-03,math-ph,110,204,2.3181818181818183,0.1957,0.0515,-0.0767
2022-03,nlin,79,191,1.3291139240506329,0.6809,0.7523,0.0588
2022-03,nucl-ex,38,2057,0.6052631578947368,0.0857,0.3796,-0.0371
2022-03,nucl-th,107,344,1.0560747663551402,0.2738,-0.0827,0.0688
2022-03,physics,1284,9827,0.5545171339563862,0.2515,0.5316,0.0087
2022-03,q-bio,136,669,1.25,-0.15,-0.0318,0.227
2022-03,q-fin,53,142,1.0754716981132075,-0.3765,-0.2755,0.4744
2022-03,quant-ph,688,2607,0.7703488372093024,0.2532,0.1997,-0.1171
2022-03,stat,453,1356,0.7814569536423841,0.0226,-0.0893,-0.1452
2022-04,astro-ph,1096,9646,0.25821167883211676,-0.1589,-0.1863,-0.0832
2022-04,cond-mat,1228,5569,0.3957654723127036,-0.1525,-0.1773,-0.0078
2022-04,cs,5170,18764,0.2965183752417795,-0.1443,-0.1203,-0.0775
2022-04,econ,98,217,0.9591836734693877,0.1136,0.0433,-0.0516
2022-04,eess,731,2988,1.3146374829001368,-0.2393,-0.1963,-0.048
2022-04,gr-qc,268,627,0.9925373134328358,-0.1546,-0.7645,-0.058
2022-04,hep-ex,56,3740,0.6607142857142857,-0.5882,-0.3813,-0.2635
2022-04,hep-lat,24,76,1.0833333333333333,-0.4286,-0.5706,0.0341
2022-04,hep-ph,471,1834,0.7452229299363057,-0.0618,-0.4501,-0.2239
2022-04,hep-th,274,671,1.135036496350365,-0.1941,-0.1706,0.1418
2022-04,math,2720,5620,0.8018382352941177,-0.1177,-0.0841,-0.0221
2022-04,math-ph,88,186,2.4431818181818183,-0.2,-0.0882,0.0539
2022-04,nlin,59,189,1.423728813559322,-0.2532,-0.0105,0.0712
2022-04,nucl-ex,51,1878,0.8823529411764706,0.3421,-0.087,0.4578
2022-04,nucl-th,71,217,0.8450704225352113,-0.3364,-0.3692,-0.1998
2022-04,physics,997,5021,0.49849548645937813,-0.2235,-0.4891,-0.101
2022-04,q-bio,143,606,0.972027972027972,0.0515,-0.0942,-0.2224
2022-04,q-fin,63,187,1.0158730158730158,0.1887,0.3169,-0.0554
2022-04,quant-ph,608,2299,0.8355263157894737,-0.1163,-0.1181,0.0846
2022-04,stat,308,955,0.8181818181818182,-0.3201,-0.2957,0.047
2022-05,astro-ph,1162,9099,0.3158347676419966,0.0602,-0.0567,0.2232
2022-05,cond-mat,1281,5902,0.4207650273224044,0.0432,0.0598,0.0632
2022-05,cs,5895,20619,0.33723494486853267,0.1402,0.0989,0.1373
2022-05,econ,129,295,0.8914728682170543,0.3163,0.3594,-0.0706
2022-05,eess,653,2719,1.2618683001531394,-0.1067,-0.09,-0.0401
2022-05,gr-qc,336,1458,0.9672619047619048,0.2537,1.3254,-0.0255
2022-05,hep-ex,65,3114,0.4461538461538462,0.1607,-0.1674,-0.3247
2022-05,hep-lat,35,154,1.4857142857142858,0.4583,1.0263,0.3714
2022-05,hep-ph,458,1283,0.8668122270742358,-0.0276,-0.3004,0.1632
2022-05,hep-th,308,757,1.0324675324675325,0.1241,0.1282,-0.0904
2022-05,math,2764,5519,0.7890738060781476,0.0162,-0.018,-0.0159
2022-05,math-ph,99,198,2.5454545454545454,0.125,0.0645,0.0419
2022-05,nlin,56,173,1.2678571428571428,-0.0508,-0.0847,-0.1095
2022-05,nucl-ex,33,1432,0.7878787878787878,-0.3529,-0.2375,-0.1071
2022-05,nucl-th,81,298,0.7777777777777778,0.1408,0.3733,-0.0796
2022-05,physics,1113,6531,0.550763701707098,0.1163,0.3007,0.1049
2022-05,q-bio,172,667,0.8488372093023255,0.2028,0.1007,-0.1267
2022-05,q-fin,69,175,0.855072463768116,0.0952,-0.0642,-0.1583
2022-05,quant-ph,692,2412,0.7355491329479769,0.1382,0.0492,-0.1197
2022-05,stat,459,1464,0.9738562091503268,0.4903,0.533,0.1903
2022-06,astro-ph,1234,10281,0.22447325769854132,0.062,0.1299,-0.2893
2022-06,cond-mat,1303,5789,0.40138142747505756,0.0172,-0.0191,-0.0461
2022-06,cs,5437,19863,0.3759426154129115,-0.0777,-0.0367,0.1148
2022-06,econ,129,325,1.1085271317829457,0.0,0.1017,0.2435
2022-06,eess,761,2993,1.3009198423127464,0.1654,0.1008,0.0309
2022-06,gr-qc,315,791,1.0761904761904761,-0.0625,-0.4575,0.1126
2022-06,hep-ex,72,3185,0.5138888888888888,0.1077,0.0228,0.1518
2022-06,hep-lat,34,119,1.2058823529411764,-0.0286,-0.2273,-0.1883
2022-06,hep-ph,359,1152,0.8495821727019499,-0.2162,-0.1021,-0.0199
2022-06,hep-th,291,710,1.127147766323024,-0.0552,-0.0621,0.0917
2022-06,math,2863,5835,0.7956688787984632,0.0358,0.0573,0.0084
2022-06,math-ph,99,205,2.808080808080808,0.0,0.0354,0.1032
2022-06,nlin,66,198,1.121212121212121,0.1786,0.1445,-0.1157
2022-06,nucl-ex,33,400,0.9090909090909091,0.0,-0.7207,0.1538
2022-06,nucl-th,102,286,1.0392156862745099,0.2593,-0.0403,0.3361
2022-06,physics,1059,5110,0.5363550519357885,-0.0485,-0.2176,-0.0262
2022-06,q-bio,146,759,1.047945205479452,-0.1512,0.1379,0.2346
2022-06,q-fin,66,155,1.0,-0.0435,-0.1143,0.1695
2022-06,quant-ph,621,2364,0.8615136876006442,-0.1026,-0.0199,0.1713
2022-06,stat,492,1568,0.9532520325203252,0.0719,0.071,-0.0212
2022-07,astro-ph,1250,10794,0.2712,0.013,0.0499,0.2082
2022-07,cond-mat,1296,6200,0.4074074074074074,-0.0054,0.071,0.015
2022-07,cs,5252,18793,0.3225437928408225,-0.034,-0.0539,-0.142
2022-07,econ,87,203,0.9885057471264368,-0.3256,-0.3754,-0.1083
2022-07,eess,723,2787,1.2378976486860305,-0.0499,-0.0688,-0.0484
2022-07,gr-qc,305,797,1.0590163934426229,-0.0317,0.0076,-0.016
2022-07,hep-ex,83,4026,0.4578313253012048,0.1528,0.2641,-0.1091
2022-07,hep-lat,27,211,1.2592592592592593,-0.2059,0.7731,0.0443
2022-07,hep-ph,452,1592,0.7809734513274337,0.2591,0.3819,-0.0808
2022-07,hep-th,344,812,0.9796511627906976,0.1821,0.1437,-0.1309
2022-07,math,2958,6018,0.8008789722785666,0.0332,0.0314,0.0065
2022-07,math-ph,91,191,2.5384615384615383,-0.0808,-0.0683,-0.096
2022-07,nlin,56,163,1.3392857142857142,-0.1515,-0.1768,0.1945
2022-07,nucl-ex,46,1925,0.5652173913043478,0.3939,3.8125,-0.3783
2022-07,nucl-th,95,295,0.8421052631578947,-0.0686,0.0315,-0.1897
2022-07,physics,966,5596,0.520703933747412,-0.0878,0.0951,-0.0292
2022-07,q-bio,160,727,1.08125,0.0959,-0.0422,0.0318
2022-07,q-fin,74,187,0.9324324324324325,0.1212,0.2065,-0.0676
2022-07,quant-ph,648,2600,0.779320987654321,0.0435,0.0998,-0.0954
2022-07,stat,360,1119,0.8833333333333333,-0.2683,-0.2864,-0.0733
2022-08,astro-ph,1247,10960,0.22373696872493987,-0.0024,0.0154,-0.175
2022-08,cond-mat,1229,5499,0.3596419853539463,-0.0517,-0.1131,-0.1172
2022-08,cs,4812,17216,0.33187863674147966,-0.0838,-0.0839,0.0289
2022-08,econ,105,242,0.8952380952380953,0.2069,0.1921,-0.0944
2022-08,eess,643,2533,1.2177293934681181,-0.1107,-0.0911,-0.0163
2022-08,gr-qc,263,681,0.9277566539923955,-0.1377,-0.1455,-0.1239
2022-08,hep-ex,81,3195,0.5432098765432098,-0.0241,-0.2064,0.1865
2022-08,hep-lat,31,135,1.5161290322580645,0.1481,-0.3602,0.204
2022-08,hep-ph,422,1230,0.8459715639810427,-0.0664,-0.2274,0.0832
2022-08,hep-th,300,733,1.1166666666666667,-0.1279,-0.0973,0.1399
2022-08,math,2800,5611,0.815,-0.0534,-0.0676,0.0176
2022-08,math-ph,99,192,2.686868686868687,0.0879,0.0052,0.0585
2022-08,nlin,60,169,1.25,0.0714,0.0368,-0.0667
2022-08,nucl-ex,37,950,0.7567567567567568,-0.1957,-0.5065,0.3389
2022-08,nucl-th,101,413,1.1386138613861385,0.0632,0.4,0.3521
2022-08,physics,1137,5774,0.5795954265611257,0.177,0.0318,0.1131
2022-08,q-bio,158,618,1.0569620253164558,-0.0125,-0.1499,-0.0225
2022-08,q-fin,59,162,1.0677966101694916,-0.2027,-0.1337,0.1452
2022-08,quant-ph,616,2349,0.8392857142857143,-0.0494,-0.0965,0.0769
2022-08,stat,390,1215,0.7769230769230769,0.0833,0.0858,-0.1205
2022-09,astro-ph,1315,12409,0.24486692015209124,0.0545,0.1322,0.0944
2022-09,cond-mat,1294,5874,0.37789799072642966,0.0529,0.0682,0.0508
2022-09,cs,5318,18886,0.3285069575028206,0.1052,0.097,-0.0102
2022-09,econ,118,271,1.076271186440678,0.1238,0.1198,0.2022
2022-09,eess,735,2922,1.2122448979591838,0.1431,0.1536,-0.0045
2022-09,gr-qc,281,815,1.0676156583629892,0.0684,0.1968,0.1507
2022-09,hep-ex,93,2801,0.7419354838709677,0.1481,-0.1233,0.3658
2022-09,hep-lat,29,153,1.5517241379310345,-0.0645,0.1333,0.0235
2022-09,hep-ph,399,2002,0.9022556390977443,-0.0545,0.6276,0.0665
2022-09,hep-th,327,761,1.0581039755351682,0.09,0.0382,-0.0524
2022-09,math,2989,6188,0.8139846102375377,0.0675,0.1028,-0.0012
2022-09,math-ph,82,186,2.451219512195122,-0.1717,-0.0312,-0.0877
2022-09,nlin,56,145,1.1071428571428572,-0.0667,-0.142,-0.1143
2022-09,nucl-ex,55,1631,0.8909090909090909,0.4865,0.7168,0.1773
2022-09,nucl-th,93,321,1.075268817204301,-0.0792,-0.2228,-0.0556
2022-09,physics,1124,6636,0.5427046263345195,-0.0114,0.1493,-0.0636
2022-09,q-bio,152,567,1.144736842105263,-0.038,-0.0825,0.083
2022-09,q-fin,68,175,0.8676470588235294,0.1525,0.0802,-0.1874
2022-09,quant-ph,687,2570,0.8355167394468704,0.1153,0.0941,-0.0045
2022-09,stat,388,1137,0.7551546391752577,-0.0051,-0.0642,-0.028
2022-10,astro-ph,1345,12322,0.27137546468401486,0.0228,-0.007,0.1083
2022-10,cond-mat,1304,6016,0.3934049079754601,0.0077,0.0242,0.041
2022-10,cs,6862,23390,0.3102593995919557,0.2903,0.2385,-0.0555
2022-10,econ,105,218,0.9904761904761905,-0.1102,-0.1956,-0.0797
2022-10,eess,829,3238,1.238841978287093,0.1279,0.1081,0.0219
2022-10,gr-qc,307,1521,0.9478827361563518,0.0925,0.8663,-0.1121
2022-10,hep-ex,83,4230,0.6746987951807228,-0.1075,0.5102,-0.0906
2022-10,hep-lat,52,170,1.1538461538461537,0.7931,0.1111,-0.2564
2022-10,hep-ph,376,1206,0.9175531914893617,-0.0576,-0.3976,0.017
2022-10,hep-th,328,848,1.1219512195121952,0.0031,0.1143,0.0603
2022-10,math,3100,6328,0.7941935483870968,0.0371,0.0226,-0.0243
2022-10,math-ph,106,212,2.6037735849056602,0.2927,0.1398,0.0622
2022-10,nlin,62,163,1.2580645161290323,0.1071,0.1241,0.1363
2022-10,nucl-ex,40,1228,0.7,-0.2727,-0.2471,-0.2143
2022-10,nucl-th,97,341,0.7731958762886598,0.043,0.0623,-0.2809
2022-10,physics,1165,6063,0.5553648068669528,0.0365,-0.0863,0.0233
2022-10,q-bio,197,865,0.9390862944162437,0.2961,0.5256,-0.1796
2022-10,q-fin,69,188,1.0579710144927537,0.0147,0.0743,0.2194
2022-10,quant-ph,705,2954,0.8609929078014185,0.0262,0.1494,0.0305
2022-10,stat,522,1589,0.8716475095785441,0.3454,0.3975,0.1543
2022-11,astro-ph,1328,10817,0.28990963855421686,-0.0126,-0.1221,0.0683
2022-11,cond-mat,1314,6015,0.3949771689497717,0.0077,-0.0002,0.004
2022-11,cs,5967,22031,0.3311546840958606,-0.1304,-0.0581,0.0673
2022-11,econ,110,251,0.8727272727272727,0.0476,0.1514,-0.1189
2022-11,eess,899,3718,1.2491657397107898,0.0844,0.1482,0.0083
2022-11,gr-qc,315,832,0.9936507936507937,0.0261,-0.453,0.0483
2022-11,hep-ex,117,5298,0.5726495726495726,0.4096,0.2525,-0.1513
2022-11,hep-lat,90,320,0.8444444444444444,0.7308,0.8824,-0.2681
2022-11,hep-ph,548,1547,0.843065693430657,0.4574,0.2828,-0.0812
2022-11,hep-th,358,910,1.0335195530726258,0.0915,0.0731,-0.0788
2022-11,math,3144,6400,0.7814885496183206,0.0142,0.0114,-0.016
2022-11,math-ph,117,233,2.2905982905982905,0.1038,0.0991,-0.1203
2022-11,nlin,72,206,1.1805555555555556,0.1613,0.2638,-0.0616
2022-11,nucl-ex,65,928,0.8769230769230769,0.625,-0.2443,0.2527
2022-11,nucl-th,100,394,1.02,0.0309,0.1554,0.3192
2022-11,physics,1216,7104,0.5238486842105263,0.0438,0.1717,-0.0567
2022-11,q-bio,190,829,1.0947368421052632,-0.0355,-0.0416,0.1657
2022-11,q-fin,74,196,0.972972972972973,0.0725,0.0426,-0.0803
2022-11,quant-ph,719,2715,0.7788595271210014,0.0199,-0.0809,-0.0954
2022-11,stat,439,1436,0.8519362186788155,-0.159,-0.0963,-0.0226
2022-12,astro-ph,1090,10161,0.25504587155963304,-0.1792,-0.0606,-0.1203
2022-12,cond-mat,1247,5625,0.41379310344827586,-0.051,-0.0648,0.0476
2022-12,cs,4868,18030,0.2972473294987675,-0.1842,-0.1816,-0.1024
2022-12,econ,131,303,1.16793893129771,0.1909,0.2072,0.3383
2022-12,eess,622,2464,1.2620578778135048,-0.3081,-0.3373,0.0103
2022-12,gr-qc,293,790,1.0921501706484642,-0.0698,-0.0505,0.0991
2022-12,hep-ex,82,3630,0.3902439024390244,-0.2991,-0.3148,-0.3185
2022-12,hep-lat,138,445,0.7608695652173914,0.5333,0.3906,-0.099
2022-12,hep-ph,481,1571,0.8627858627858628,-0.1223,0.0155,0.0234
2022-12,hep-th,484,1125,1.084710743801653,0.352,0.2363,0.0495
2022-12,math,2900,5924,0.79,-0.0776,-0.0744,0.0109
2022-12,math-ph,105,235,2.4857142857142858,-0.1026,0.0086,0.0852
2022-12,nlin,68,174,1.1470588235294117,-0.0556,-0.1553,-0.0284
2022-12,nucl-ex,46,1057,0.8695652173913043,-0.2923,0.139,-0.0084
2022-12,nucl-th,82,260,0.8902439024390244,-0.18,-0.3401,-0.1272
2022-12,physics,1104,7136,0.5335144927536232,-0.0921,0.0045,0.0185
2022-12,q-bio,162,753,0.9135802469135802,-0.1474,-0.0917,-0.1655
2022-12,q-fin,68,206,0.9852941176470589,-0.0811,0.051,0.0127
2022-12,quant-ph,748,2777,0.7887700534759359,0.0403,0.0228,0.0127
2022-12,stat,324,1019,0.7993827160493827,-0.262,-0.2904,-0.0617
2023-01,astro-ph,1268,9596,0.2657728706624606,0.1633,-0.0556,0.0421
2023-01,cond-mat,1216,5758,0.4185855263157895,-0.0249,0.0236,0.0116
2023-01,cs,4345,16039,0.34614499424626005,-0.1074,-0.1104,0.1645
2023-01,econ,111,243,0.9459459459459459,-0.1527,-0.198,-0.1901
2023-01,eess,561,2276,1.2263814616755793,-0.0981,-0.0763,-0.0283
2023-01,gr-qc,293,750,1.0546075085324231,0.0,-0.0506,-0.0344
2023-01,hep-ex,74,1788,0.6216216216216216,-0.0976,-0.5074,0.5929
2023-01,hep-lat,53,263,0.5849056603773585,-0.6159,-0.409,-0.2313
2023-01,hep-ph,336,1053,0.7946428571428571,-0.3015,-0.3297,-0.079
2023-01,hep-th,250,581,1.08,-0.4835,-0.4836,-0.0043
2023-01,math,2644,5368,0.8271558245083207,-0.0883,-0.0939,0.047
2023-01,math-ph,91,166,2.340659340659341,-0.1333,-0.2936,-0.0584
2023-01,nlin,59,149,1.11864406779661,-0.1324,-0.1437,-0.0248
2023-01,nucl-ex,29,967,0.5172413793103449,-0.3696,-0.0851,-0.4052
2023-01,nucl-th,77,375,0.935064935064935,-0.061,0.4423,0.0503
2023-01,physics,1103,5301,0.5294650951949229,-0.0009,-0.2571,-0.0076
2023-01,q-bio,174,773,0.9195402298850575,0.0741,0.0266,0.0065
2023-01,q-fin,65,164,0.7076923076923077,-0.0441,-0.2039,-0.2817
2023-01,quant-ph,590,2151,0.911864406779661,-0.2112,-0.2254,0.1561
2023-01,stat,369,1135,0.9051490514905149,0.1389,0.1138,0.1323
2023-02,astro-ph,1121,9541,0.23996431757359502,-0.1159,-0.0057,-0.0971
2023-02,cond-mat,1253,5782,0.4205905826017558,0.0304,0.0042,0.0048
2023-02,cs,5520,19926,0.33605072463768115,0.2704,0.2423,-0.0292
2023-02,econ,122,269,0.9098360655737705,0.0991,0.107,-0.0382
2023-02,eess,614,2571,1.1726384364820848,0.0945,0.1296,-0.0438
2023-02,gr-qc,283,2435,0.9257950530035336,-0.0341,2.2467,-0.1221
2023-02,hep-ex,67,3396,0.582089552238806,-0.0946,0.8993,-0.0636
2023-02,hep-lat,34,130,1.088235294117647,-0.3585,-0.5057,0.8605
2023-02,hep-ph,336,952,0.8958333333333334,0.0,-0.0959,0.1273
2023-02,hep-th,238,583,0.9915966386554622,-0.048,0.0034,-0.0819
2023-02,math,2706,5668,0.8314855875831486,0.0234,0.0559,0.0052
2023-02,math-ph,75,145,2.7333333333333334,-0.1758,-0.1265,0.1678
2023-02,nlin,48,143,0.9791666666666666,-0.1864,-0.0403,-0.1247
2023-02,nucl-ex,32,771,0.9375,0.1034,-0.2027,0.8125
2023-02,nucl-th,82,272,0.975609756097561,0.0649,-0.2747,0.0434
2023-02,physics,1003,5066,0.4985044865403789,-0.0907,-0.0443,-0.0585
2023-02,q-bio,161,764,0.8260869565217391,-0.0747,-0.0116,-0.1016
2023-02,q-fin,74,177,0.8108108108108109,0.1385,0.0793,0.1457
2023-02,quant-ph,636,2488,0.8176100628930818,0.078,0.1567,-0.1034
2023-02,stat,449,1467,0.8775055679287305,0.2168,0.2925,-0.0305
2023-03,astro-ph,1291,10765,0.25639039504260264,0.1517,0.1283,0.0685
2023-03,cond-mat,1496,7230,0.40842245989304815,0.1939,0.2504,-0.0289
2023-03,cs,6991,25270,0.29194678872836505,0.2665,0.2682,-0.1312
2023-03,econ,129,319,0.8217054263565892,0.0574,0.1859,-0.0969
2023-03,eess,897,3487,1.2519509476031214,0.4609,0.3563,0.0676
2023-03,gr-qc,316,1035,0.930379746835443,0.1166,-0.5749,0.005
2023-03,hep-ex,71,6026,0.7464788732394366,0.0597,0.7744,0.2824
2023-03,hep-lat,34,107,1.2058823529411764,0.0,-0.1769,0.1081
2023-03,hep-ph,386,1632,0.8756476683937824,0.1488,0.7143,-0.0225
2023-03,hep-th,312,741,1.060897435897436,0.3109,0.271,0.0699
2023-03,math,3379,6954,0.808227286179343,0.2487,0.2269,-0.028
2023-03,math-ph,93,184,2.6236559139784945,0.24,0.269,-0.0401
2023-03,nlin,65,183,1.0615384615384615,0.3542,0.2797,0.0841
2023-03,nucl-ex,43,1170,0.7906976744186046,0.3438,0.5175,-0.1566
2023-03,nucl-th,99,345,0.8080808080808081,0.2073,0.2684,-0.1717
2023-03,physics,1220,6655,0.5524590163934426,0.2164,0.3137,0.1082
2023-03,q-bio,199,823,1.0050251256281406,0.236,0.0772,0.2166
2023-03,q-fin,78,189,0.8589743589743589,0.0541,0.0678,0.0594
2023-03,quant-ph,788,3188,0.7779187817258884,0.239,0.2814,-0.0485
2023-03,stat,438,1384,0.8059360730593608,-0.0245,-0.0566,-0.0816
2023-04,astro-ph,1077,9503,0.2757660167130919,-0.1658,-0.1172,0.0756
2023-04,cond-mat,1256,6022,0.3980891719745223,-0.1604,-0.1671,-0.0253
2023-04,cs,5773,21254,0.2813095444309718,-0.1742,-0.1589,-0.0364
2023-04,econ,129,277,0.8372093023255814,0.0,-0.1317,0.0189
2023-04,eess,778,3056,1.3187660668380463,-0.1327,-0.1236,0.0534
2023-04,gr-qc,317,2467,0.9053627760252366,0.0032,1.3836,-0.0269
2023-04,hep-ex,53,3091,0.5471698113207547,-0.2535,-0.4871,-0.267
2023-04,hep-lat,38,136,1.105263157894737,0.1176,0.271,-0.0834
2023-04,hep-ph,341,1042,0.9413489736070382,-0.1166,-0.3615,0.075
2023-04,hep-th,306,755,1.1928104575163399,-0.0192,0.0189,0.1243
2023-04,math,2794,5836,0.8192555476020043,-0.1731,-0.1608,0.0136
2023-04,math-ph,96,194,2.4479166666666665,0.0323,0.0543,-0.067
2023-04,nlin,50,131,1.44,-0.2308,-0.2842,0.3565
2023-04,nucl-ex,28,1019,0.75,-0.3488,-0.1291,-0.0515
2023-04,nucl-th,92,315,1.2173913043478262,-0.0707,-0.087,0.5065
2023-04,physics,1037,5535,0.5303760848601736,-0.15,-0.1683,-0.04
2023-04,q-bio,173,693,0.838150289017341,-0.1307,-0.158,-0.166
2023-04,q-fin,59,157,1.0508474576271187,-0.2436,-0.1693,0.2234
2023-04,quant-ph,632,2406,0.7911392405063291,-0.198,-0.2453,0.017
2023-04,stat,339,1010,0.8200589970501475,-0.226,-0.2702,0.0175
2023-05,astro-ph,1244,11179,0.2853697749196141,0.1551,0.1764,0.0348
2023-05,cond-mat,1414,6547,0.46605374823196605,0.1258,0.0872,0.1707
2023-05,cs,8649,29643,0.29425367094461785,0.4982,0.3947,0.046
2023-05,econ,125,305,0.968,-0.031,0.1011,0.1562
2023-05,eess,837,3581,1.2592592592592593,0.0758,0.1718,-0.0451
2023-05,gr-qc,349,899,1.002865329512894,0.1009,-0.6356,0.1077
2023-05,hep-ex,88,3470,0.36363636363636365,0.6604,0.1226,-0.3354
2023-05,hep-lat,29,167,1.4482758620689655,-0.2368,0.2279,0.3103
2023-05,hep-ph,435,1517,0.9356321839080459,0.2757,0.4559,-0.0061
2023-05,hep-th,318,747,1.0943396226415094,0.0392,-0.0106,-0.0826
2023-05,math,3189,6542,0.8222013170272813,0.1414,0.121,0.0036
2023-05,math-ph,107,219,2.710280373831776,0.1146,0.1289,0.1072
2023-05,nlin,65,168,1.123076923076923,0.3,0.2824,-0.2201
2023-05,nucl-ex,28,893,0.5714285714285714,0.0,-0.1237,-0.2381
2023-05,nucl-th,92,280,1.0108695652173914,0.0,-0.1111,-0.1696
2023-05,physics,1234,6053,0.5445705024311183,0.19,0.0936,0.0268
2023-05,q-bio,201,821,1.0298507462686568,0.1618,0.1847,0.2287
2023-05,q-fin,70,200,1.0,0.1864,0.2739,-0.0484
2023-05,quant-ph,786,3141,0.7239185750636132,0.2437,0.3055,-0.085
2023-05,stat,532,1671,0.9116541353383458,0.5693,0.6545,0.1117
2023-06,astro-ph,1319,10347,0.30022744503411675,0.0603,-0.0744,0.0521
2023-06,cond-mat,1400,6640,0.4492857142857143,-0.0099,0.0142,-0.036
2023-06,cs,6924,24990,0.3043038705950318,-0.1994,-0.157,0.0342
2023-06,econ,106,226,0.9716981132075472,-0.152,-0.259,0.0038
2023-06,eess,776,3164,1.1610824742268042,-0.0729,-0.1164,-0.078
2023-06,gr-qc,320,962,0.903125,-0.0831,0.0701,-0.0995
2023-06,hep-ex,75,3511,0.5866666666666667,-0.1477,0.0118,0.6133
2023-06,hep-lat,28,156,1.1428571428571428,-0.0345,-0.0659,-0.2109
2023-06,hep-ph,426,1290,0.9553990610328639,-0.0207,-0.1496,0.0211
2023-06,hep-th,327,788,1.0428134556574924,0.0283,0.0549,-0.0471
2023-06,math,3012,6126,0.8160690571049137,-0.0555,-0.0636,-0.0075
2023-06,math-ph,112,256,2.3482142857142856,0.0467,0.1689,-0.1336
2023-06,nlin,58,168,0.8793103448275862,-0.1077,0.0,-0.2171
2023-06,nucl-ex,38,954,0.7368421052631579,0.3571,0.0683,0.2895
2023-06,nucl-th,90,293,1.0777777777777777,-0.0217,0.0464,0.0662
2023-06,physics,1218,6291,0.5287356321839081,-0.013,0.0393,-0.0291
2023-06,q-bio,188,1078,1.0851063829787233,-0.0647,0.313,0.0537
2023-06,q-fin,82,214,0.9634146341463414,0.1714,0.07,-0.0366
2023-06,quant-ph,684,2710,0.8859649122807017,-0.1298,-0.1372,0.2238
2023-06,stat,532,1693,0.8703007518796992,0.0,0.0132,-0.0454
2023-07,astro-ph,1323,10511,0.30083144368858655,0.003,0.0159,0.002
2023-07,cond-mat,1373,6424,0.4071376547705754,-0.0193,-0.0325,-0.0938
2023-07,cs,6262,22862,0.32896838070903867,-0.0956,-0.0852,0.0811
2023-07,econ,111,227,0.990990990990991,0.0472,0.0044,0.0199
2023-07,eess,762,3200,1.1614173228346456,-0.018,0.0114,0.0003
2023-07,gr-qc,365,1086,1.0520547945205478,0.1406,0.1289,0.1649
2023-07,hep-ex,93,3559,0.5376344086021505,0.24,0.0137,-0.0836
2023-07,hep-lat,34,123,1.7058823529411764,0.2143,-0.2115,0.4926
2023-07,hep-ph,492,1476,0.9796747967479674,0.1549,0.1442,0.0254
2023-07,hep-th,321,820,1.0498442367601246,-0.0183,0.0406,0.0067
2023-07,math,3004,6273,0.8055925432756325,-0.0027,0.024,-0.0128
2023-07,math-ph,102,234,2.6176470588235294,-0.0893,-0.0859,0.1147
2023-07,nlin,73,208,1.273972602739726,0.2586,0.2381,0.4488
2023-07,nucl-ex,42,1050,0.7380952380952381,0.1053,0.1006,0.0017
2023-07,nucl-th,102,328,0.9705882352941176,0.1333,0.1195,-0.0995
2023-07,physics,1203,6088,0.5286783042394015,-0.0123,-0.0323,-0.0001
2023-07,q-bio,184,754,0.9836956521739131,-0.0213,-0.3006,-0.0935
2023-07,q-fin,94,250,0.8829787234042553,0.1463,0.1682,-0.0835
2023-07,quant-ph,764,3082,0.8036649214659686,0.117,0.1373,-0.0929
2023-07,stat,384,1217,0.9140625,-0.2782,-0.2812,0.0503
2023-08,astro-ph,1219,11732,0.27071369975389664,-0.0786,0.1162,-0.1001
2023-08,cond-mat,1319,6061,0.3904473085670963,-0.0393,-0.0565,-0.041
2023-08,cs,6609,24522,0.2638825843546679,0.0554,0.0726,-0.1978
2023-08,econ,124,294,0.8951612903225806,0.1171,0.2952,-0.0967
2023-08,eess,778,3341,1.2840616966580978,0.021,0.0441,0.1056
2023-08,gr-qc,305,745,0.8229508196721311,-0.1644,-0.314,-0.2178
2023-08,hep-ex,82,3522,0.524390243902439,-0.1183,-0.0104,-0.0246
2023-08,hep-lat,24,113,1.3333333333333333,-0.2941,-0.0813,-0.2184
2023-08,hep-ph,398,1230,0.9221105527638191,-0.1911,-0.1667,-0.0588
2023-08,hep-th,269,640,1.178438661710037,-0.162,-0.2195,0.1225
2023-08,math,3004,6136,0.8272303595206392,0.0,-0.0218,0.0269
2023-08,math-ph,102,208,2.7254901960784315,0.0,-0.1111,0.0412
2023-08,nlin,66,181,1.1515151515151516,-0.0959,-0.1298,-0.0961
2023-08,nucl-ex,49,1102,0.7755102040816326,0.1667,0.0495,0.0507
2023-08,nucl-th,105,334,0.8761904761904762,0.0294,0.0183,-0.0973
2023-08,physics,1136,5472,0.5096830985915493,-0.0557,-0.1012,-0.0359
2023-08,q-bio,189,880,1.0211640211640212,0.0272,0.1671,0.0381
2023-08,q-fin,72,213,1.0138888888888888,-0.234,-0.148,0.1483
2023-08,quant-ph,700,2664,0.8,-0.0838,-0.1356,-0.0046
2023-08,stat,346,1047,0.8265895953757225,-0.099,-0.1397,-0.0957
2023-09,astro-ph,1430,11763,0.272027972027972,0.1731,0.0026,0.0049
2023-09,cond-mat,1288,5869,0.4192546583850932,-0.0235,-0.0317,0.0738
2023-09,cs,6968,25857,0.3036739380022962,0.0543,0.0544,0.1508
2023-09,econ,103,252,0.7864077669902912,-0.1694,-0.1429,-0.1215
2023-09,eess,994,3896,1.3028169014084507,0.2776,0.1661,0.0146
2023-09,gr-qc,317,922,1.0,0.0393,0.2376,0.2151
2023-09,hep-ex,74,3791,0.5405405405405406,-0.0976,0.0764,0.0308
2023-09,hep-lat,42,131,1.0238095238095237,0.75,0.1593,-0.2321
2023-09,hep-ph,427,1342,0.9297423887587822,0.0729,0.0911,0.0083
2023-09,hep-th,313,743,1.1757188498402555,0.1636,0.1609,-0.0023
2023-09,math,3056,6181,0.7915575916230366,0.0173,0.0073,-0.0431
2023-09,math-ph,88,173,2.340909090909091,-0.1373,-0.1683,-0.1411
2023-09,nlin,50,136,1.52,-0.2424,-0.2486,0.32
2023-09,nucl-ex,23,836,0.6086956521739131,-0.5306,-0.2414,-0.2151
2023-09,nucl-th,103,346,0.9902912621359223,-0.019,0.0359,0.1302
2023-09,physics,1174,5895,0.5664395229982965,0.0335,0.0773,0.1114
2023-09,q-bio,197,1000,0.8984771573604061,0.0423,0.1364,-0.1201
2023-09,q-fin,88,217,1.1022727272727273,0.2222,0.0188,0.0872
2023-09,quant-ph,743,2740,0.8115746971736204,0.0614,0.0285,0.0145
2023-09,stat,417,1265,0.8561151079136691,0.2052,0.2082,0.0357
2023-10,astro-ph,1510,13599,0.24635761589403973,0.0559,0.1561,-0.0944
2023-10,cond-mat,1488,6898,0.3797043010752688,0.1553,0.1753,-0.0943
2023-10,cs,8493,30233,0.2557400211939244,0.2189,0.1692,-0.1578
2023-10,econ,134,310,1.037313432835821,0.301,0.2302,0.3191
2023-10,eess,853,3562,1.1113716295427902,-0.1419,-0.0857,-0.1469
2023-10,gr-qc,316,973,0.990506329113924,-0.0032,0.0553,-0.0095
2023-10,hep-ex,88,3380,0.5909090909090909,0.1892,-0.1084,0.0932
2023-10,hep-lat,40,158,1.3,-0.0476,0.2061,0.2698
2023-10,hep-ph,416,1237,0.8822115384615384,-0.0258,-0.0782,-0.0511
2023-10,hep-th,339,814,1.2123893805309736,0.0831,0.0956,0.0312
2023-10,math,3391,7112,0.8018283692126217,0.1096,0.1506,0.013
2023-10,math-ph,119,257,2.4285714285714284,0.3523,0.4855,0.0374
2023-10,nlin,57,138,1.3508771929824561,0.14,0.0147,-0.1113
2023-10,nucl-ex,42,2681,0.7619047619047619,0.8261,2.2069,0.2517
2023-10,nucl-th,92,285,0.8913043478260869,-0.1068,-0.1763,-0.1
2023-10,physics,1374,6854,0.5342066957787481,0.1704,0.1627,-0.0569
2023-10,q-bio,210,911,0.9333333333333333,0.066,-0.089,0.0388
2023-10,q-fin,73,194,0.9315068493150684,-0.1705,-0.106,-0.1549
2023-10,quant-ph,768,3104,0.8763020833333334,0.0336,0.1328,0.0798
2023-10,stat,568,1799,0.8820422535211268,0.3621,0.4221,0.0303
2023-11,astro-ph,1385,10630,0.27220216606498193,-0.0828,-0.2183,0.1049
2023-11,cond-mat,1496,7166,0.3983957219251337,0.0054,0.0389,0.0492
2023-11,cs,7355,27049,0.27994561522773626,-0.134,-0.1053,0.0946
2023-11,econ,136,293,0.8014705882352942,0.0149,-0.0548,-0.2274
2023-11,eess,874,3672,1.297482837528604,0.0246,0.0309,0.1675
2023-11,gr-qc,344,1061,1.0465116279069768,0.0886,0.0904,0.0565
2023-11,hep-ex,101,3528,0.5643564356435643,0.1477,0.0438,-0.0449
2023-11,hep-lat,75,239,1.0666666666666667,0.875,0.5127,-0.1795
2023-11,hep-ph,450,1772,0.9022222222222223,0.0817,0.4325,0.0227
2023-11,hep-th,363,860,1.0385674931129476,0.0708,0.0565,-0.1434
2023-11,math,3139,6492,0.8040777317617076,-0.0743,-0.0872,0.0028
2023-11,math-ph,92,194,2.630434782608696,-0.2269,-0.2451,0.0831
2023-11,nlin,62,172,1.0161290322580645,0.0877,0.2464,-0.2478
2023-11,nucl-ex,43,2044,0.8372093023255814,0.0238,-0.2376,0.0988
2023-11,nucl-th,99,320,1.0707070707070707,0.0761,0.1228,0.2013
2023-11,physics,1355,7237,0.5335793357933579,-0.0138,0.0559,-0.0012
2023-11,q-bio,243,1246,0.9259259259259259,0.1571,0.3677,-0.0079
2023-11,q-fin,93,224,0.8709677419354839,0.274,0.1546,-0.065
2023-11,quant-ph,765,2762,0.8470588235294118,-0.0039,-0.1102,-0.0334
2023-11,stat,427,1349,0.7634660421545667,-0.2482,-0.2501,-0.1344
2023-12,astro-ph,1096,9202,0.2965328467153285,-0.2087,-0.1343,0.0894
2023-12,cond-mat,1364,6370,0.40689149560117305,-0.0882,-0.1111,0.0213
2023-12,cs,7233,28266,0.28217890225356007,-0.0166,0.045,0.008
2023-12,econ,137,332,1.0875912408759123,0.0074,0.1331,0.357
2023-12,eess,785,3266,1.1885350318471337,-0.1018,-0.1106,-0.084
2023-12,gr-qc,337,977,0.9673590504451038,-0.0203,-0.0792,-0.0756
2023-12,hep-ex,103,5072,0.49514563106796117,0.0198,0.4376,-0.1226
2023-12,hep-lat,106,368,0.9245283018867925,0.4133,0.5397,-0.1333
2023-12,hep-ph,546,1612,0.8882783882783882,0.2133,-0.0903,-0.0155
2023-12,hep-th,495,1139,1.0868686868686868,0.3636,0.3244,0.0465
2023-12,math,3195,6578,0.8040688575899844,0.0178,0.0132,-0.0
2023-12,math-ph,123,280,2.7398373983739837,0.337,0.4433,0.0416
2023-12,nlin,64,156,1.359375,0.0323,-0.093,0.3378
2023-12,nucl-ex,42,1520,0.8095238095238095,-0.0233,-0.2564,-0.0331
2023-12,nucl-th,120,397,1.175,0.2121,0.2406,0.0974
2023-12,physics,1145,5547,0.5336244541484716,-0.155,-0.2335,0.0001
2023-12,q-bio,185,845,1.0,-0.2387,-0.3218,0.08
2023-12,q-fin,77,206,0.935064935064935,-0.172,-0.0804,0.0736
2023-12,quant-ph,764,2953,0.8089005235602095,-0.0013,0.0692,-0.045
2023-12,stat,398,1309,0.8467336683417085,-0.0679,-0.0297,0.1091
2024-01,astro-ph,1367,11668,0.2531089978054133,0.2473,0.268,-0.1464
2024-01,cond-mat,1337,6275,0.41361256544502617,-0.0198,-0.0149,0.0165
2024-01,cs,6688,25127,0.3136961722488038,-0.0753,-0.1111,0.1117
2024-01,econ,147,324,0.9047619047619048,0.073,-0.0241,-0.1681
2024-01,eess,821,3267,1.236297198538368,0.0459,0.0003,0.0402
2024-01,gr-qc,311,753,0.887459807073955,-0.0772,-0.2293,-0.0826
2024-01,hep-ex,89,2709,0.5056179775280899,-0.1359,-0.4659,0.0212
2024-01,hep-lat,83,271,0.9397590361445783,-0.217,-0.2636,0.0165
2024-01,hep-ph,384,1462,0.9088541666666666,-0.2967,-0.0931,0.0232
2024-01,hep-th,251,638,1.1912350597609562,-0.4929,-0.4399,0.096
2024-01,math,3196,6628,0.8000625782227785,0.0003,0.0076,-0.005
2024-01,math-ph,107,254,2.2710280373831777,-0.1301,-0.0929,-0.1711
2024-01,nlin,60,158,1.35,-0.0625,0.0128,-0.0069
2024-01,nucl-ex,39,728,0.6153846153846154,-0.0714,-0.5211,-0.2398
2024-01,nucl-th,85,300,0.9764705882352941,-0.2917,-0.2443,-0.169
2024-01,physics,1257,6105,0.48607796340493237,0.0978,0.1006,-0.0891
2024-01,q-bio,202,1004,1.0148514851485149,0.0919,0.1882,0.0149
2024-01,q-fin,83,234,1.0843373493975903,0.0779,0.1359,0.1596
2024-01,quant-ph,669,2587,0.8221225710014948,-0.1243,-0.1239,0.0163
2024-01,stat,447,1308,0.7539149888143176,0.1231,-0.0008,-0.1096
2024-02,astro-ph,659,6200,0.26100151745068284,-0.5179,-0.4686,0.0312
2024-02,cond-mat,787,3843,0.397712833545108,-0.4114,-0.3876,-0.0384
2024-02,cs,4930,19517,0.29918864097363085,-0.2629,-0.2233,-0.0462
2024-02,econ,66,150,0.8787878787878788,-0.551,-0.537,-0.0287
2024-02,eess,478,2238,1.2343096234309623,-0.4178,-0.315,-0.0016
2024-02,gr-qc,190,517,1.0210526315789474,-0.3891,-0.3134,0.1505
2024-02,hep-ex,51,2940,0.45098039215686275,-0.427,0.0853,-0.1081
2024-02,hep-lat,26,67,1.4615384615384615,-0.6867,-0.7528,0.5552
2024-02,hep-ph,225,763,1.0622222222222222,-0.4141,-0.4781,0.1687
2024-02,hep-th,166,410,1.0060240963855422,-0.3386,-0.3574,-0.1555
2024-02,math,1885,4040,0.826525198938992,-0.4102,-0.3905,0.0331
2024-02,math-ph,47,92,2.4468085106382977,-0.5607,-0.6378,0.0774
2024-02,nlin,38,100,1.4736842105263157,-0.3667,-0.3671,0.0916
2024-02,nucl-ex,18,540,0.5,-0.5385,-0.2582,-0.1875
2024-02,nucl-th,57,283,0.7719298245614035,-0.3294,-0.0567,-0.2095
2024-02,physics,747,5069,0.5194109772423026,-0.4057,-0.1697,0.0686
2024-02,q-bio,130,620,1.1538461538461537,-0.3564,-0.3825,0.137
2024-02,q-fin,56,151,0.6964285714285714,-0.3253,-0.3547,-0.3577
2024-02,quant-ph,478,1935,0.8158995815899581,-0.2855,-0.252,-0.0076
2024-02,stat,292,946,0.9863013698630136,-0.3468,-0.2768,0.3082
2024-03,astro-ph,1253,12064,0.2745411013567438,0.9014,0.9458,0.0519
2024-03,cond-mat,1457,6891,0.38503774879890185,0.8513,0.7931,-0.0319
2024-03,cs,9139,34325,0.2407265565160302,0.8538,0.7587,-0.1954
2024-03,econ,145,359,0.8758620689655172,1.197,1.3933,-0.0033
2024-03,eess,1061,4299,1.2629594721960415,1.2197,0.9209,0.0232
2024-03,gr-qc,314,866,1.0095541401273886,0.6526,0.675,-0.0113
2024-03,hep-ex,101,3722,0.5742574257425742,0.9804,0.266,0.2734
2024-03,hep-lat,22,108,1.4090909090909092,-0.1538,0.6119,-0.0359
2024-03,hep-ph,390,1678,0.9743589743589743,0.7333,1.1992,-0.0827
2024-03,hep-th,338,777,1.1035502958579881,1.0361,0.8951,0.0969
2024-03,math,3432,7147,0.8178904428904429,0.8207,0.7691,-0.0104
2024-03,math-ph,119,252,2.697478991596639,1.5319,1.7391,0.1024
2024-03,nlin,61,164,1.1147540983606556,0.6053,0.64,-0.2436
2024-03,nucl-ex,23,278,0.391304347826087,0.2778,-0.4852,-0.2174
2024-03,nucl-th,100,303,0.82,0.7544,0.0707,0.0623
2024-03,physics,1351,8388,0.5529237601776462,0.8086,0.6548,0.0645
2024-03,q-bio,206,939,0.8980582524271845,0.5846,0.5145,-0.2217
2024-03,q-fin,74,200,1.1081081081081081,0.3214,0.3245,0.5911
2024-03,quant-ph,781,3144,0.7464788732394366,0.6339,0.6248,-0.0851
2024-03,stat,439,1378,0.8906605922551253,0.5034,0.4567,-0.097
2024-04,astro-ph,1360,14383,0.25,0.0854,0.1922,-0.0894
2024-04,cond-mat,1346,6408,0.39078751857355126,-0.0762,-0.0701,0.0149
2024-04,cs,8201,31449,0.250213388611145,-0.1026,-0.0838,0.0394
2024-04,econ,157,351,0.9617834394904459,0.0828,-0.0223,0.0981
2024-04,eess,821,3513,1.292326431181486,-0.2262,-0.1828,0.0233
2024-04,gr-qc,351,1113,0.9743589743589743,0.1178,0.2852,-0.0349
2024-04,hep-ex,79,4023,0.4810126582278481,-0.2178,0.0809,-0.1624
2024-04,hep-lat,43,154,1.3953488372093024,0.9545,0.4259,-0.0098
2024-04,hep-ph,418,1340,0.9593301435406698,0.0718,-0.2014,-0.0154
2024-04,hep-th,321,725,0.9968847352024922,-0.0503,-0.0669,-0.0967
2024-04,math,3229,6640,0.8027253019510684,-0.0591,-0.0709,-0.0185
2024-04,math-ph,88,184,2.272727272727273,-0.2605,-0.2698,-0.1575
2024-04,nlin,60,172,1.2666666666666666,-0.0164,0.0488,0.1363
2024-04,nucl-ex,19,878,0.6842105263157895,-0.1739,2.1583,0.7485
2024-04,nucl-th,90,289,0.8777777777777778,-0.1,-0.0462,0.0705
2024-04,physics,1212,6554,0.551980198019802,-0.1029,-0.2186,-0.0017
2024-04,q-bio,193,896,0.9119170984455959,-0.0631,-0.0458,0.0154
2024-04,q-fin,71,182,0.8309859154929577,-0.0405,-0.09,-0.2501
2024-04,quant-ph,827,3188,0.8440145102781137,0.0589,0.014,0.1307
2024-04,stat,417,1335,0.7553956834532374,-0.0501,-0.0312,-0.1519
2024-05,astro-ph,1460,12163,0.313013698630137,0.0735,-0.1543,0.2521
2024-05,cond-mat,1430,6764,0.4125874125874126,0.0624,0.0556,0.0558
2024-05,cs,9116,33442,0.26195699868363315,0.1116,0.0634,0.0469
2024-05,econ,158,382,0.8924050632911392,0.0064,0.0883,-0.0721
2024-05,eess,882,3891,1.1179138321995465,0.0743,0.1076,-0.135
2024-05,gr-qc,368,976,1.0434782608695652,0.0484,-0.1231,0.0709
2024-05,hep-ex,109,4585,0.47706422018348627,0.3797,0.1397,-0.0082
2024-05,hep-lat,46,186,1.2173913043478262,0.0698,0.2078,-0.1275
2024-05,hep-ph,463,1497,0.9244060475161987,0.1077,0.1172,-0.0364
2024-05,hep-th,339,820,1.112094395280236,0.0561,0.131,0.1156
2024-05,math,3422,7025,0.7895967270601987,0.0598,0.058,-0.0164
2024-05,math-ph,118,232,2.6186440677966103,0.3409,0.2609,0.1522
2024-05,nlin,77,211,1.2077922077922079,0.2833,0.2267,-0.0465
2024-05,nucl-ex,44,711,0.8181818181818182,1.3158,-0.1902,0.1958
2024-05,nucl-th,105,351,1.1428571428571428,0.1667,0.2145,0.302
2024-05,physics,1212,6556,0.5297029702970297,0.0,0.0003,-0.0404
2024-05,q-bio,252,1219,0.9801587301587301,0.3057,0.3605,0.0748
2024-05,q-fin,89,236,0.8202247191011236,0.2535,0.2967,-0.0129
2024-05,quant-ph,875,3569,0.776,0.058,0.1195,-0.0806
2024-05,stat,561,1699,1.0213903743315509,0.3453,0.2727,0.3521
2024-06,astro-ph,1354,12538,0.2311669128508124,-0.0726,0.0308,-0.2615
2024-06,cond-mat,1409,6624,0.39318665720369056,-0.0147,-0.0207,-0.047
2024-06,cs,9397,35024,0.2536979887198042,0.0308,0.0473,-0.0315
2024-06,econ,132,292,0.7878787878787878,-0.1646,-0.2356,-0.1171
2024-06,eess,1025,4469,1.1785365853658536,0.1621,0.1485,0.0542
2024-06,gr-qc,310,848,0.9064516129032258,-0.1576,-0.1311,-0.1313
2024-06,hep-ex,66,4168,0.3787878787878788,-0.3945,-0.0909,-0.206
2024-06,hep-lat,33,106,1.2424242424242424,-0.2826,-0.4301,0.0206
2024-06,hep-ph,417,1329,0.935251798561151,-0.0994,-0.1122,0.0117
2024-06,hep-th,356,844,1.0758426966292134,0.0501,0.0293,-0.0326
2024-06,math,3085,6374,0.7899513776337115,-0.0985,-0.0927,0.0004
2024-06,math-ph,95,205,2.4210526315789473,-0.1949,-0.1164,-0.0755
2024-06,nlin,60,164,1.1166666666666667,-0.2208,-0.2227,-0.0754
2024-06,nucl-ex,25,1178,0.6,-0.4318,0.6568,-0.2667
2024-06,nucl-th,92,294,0.9021739130434783,-0.1238,-0.1624,-0.2106
2024-06,physics,1257,7555,0.5330151153540175,0.0371,0.1524,0.0063
2024-06,q-bio,202,916,1.1435643564356435,-0.1984,-0.2486,0.1667
2024-06,q-fin,80,198,1.0375,-0.1011,-0.161,0.2649
2024-06,quant-ph,824,3275,0.7305825242718447,-0.0583,-0.0824,-0.0585
2024-06,stat,498,1555,0.891566265060241,-0.1123,-0.0848,-0.1271
2024-07,astro-ph,1474,14830,0.26255088195386705,0.0886,0.1828,0.1358
2024-07,cond-mat,1478,6776,0.4614343707713126,0.049,0.0229,0.1736
2024-07,cs,8717,33772,0.24056441436273948,-0.0724,-0.0357,-0.0518
2024-07,econ,133,322,0.8947368421052632,0.0076,0.1027,0.1356
2024-07,eess,937,4189,1.07897545357524,-0.0859,-0.0627,-0.0845
2024-07,gr-qc,371,1013,1.0619946091644206,0.1968,0.1946,0.1716
2024-07,hep-ex,87,5095,0.5402298850574713,0.3182,0.2224,0.4262
2024-07,hep-lat,34,149,1.4411764705882353,0.0303,0.4057,0.16
2024-07,hep-ph,464,1498,0.9353448275862069,0.1127,0.1272,0.0001
2024-07,hep-th,352,874,1.1136363636363635,-0.0112,0.0355,0.0351
2024-07,math,3367,7057,0.8033858033858033,0.0914,0.1072,0.017
2024-07,math-ph,118,256,2.6016949152542375,0.2421,0.2488,0.0746
2024-07,nlin,86,253,1.197674418604651,0.4333,0.5427,0.0725
2024-07,nucl-ex,44,1450,0.7045454545454546,0.76,0.2309,0.1742
2024-07,nucl-th,116,368,0.9482758620689655,0.2609,0.2517,0.0511
2024-07,physics,1263,7181,0.5352335708630246,0.0048,-0.0495,0.0042
2024-07,q-bio,238,1326,0.957983193277311,0.1782,0.4476,-0.1623
2024-07,q-fin,91,211,0.8021978021978022,0.1375,0.0657,-0.2268
2024-07,quant-ph,853,3289,0.8194607268464243,0.0352,0.0043,0.1217
2024-07,stat,443,1457,0.7494356659142212,-0.1104,-0.063,-0.1594
2024-08,astro-ph,1169,9290,0.2677502138579983,-0.2069,-0.3736,0.0198
2024-08,cond-mat,1334,6311,0.4527736131934033,-0.0974,-0.0686,-0.0188
2024-08,cs,7442,28839,0.2471109916689062,-0.1463,-0.1461,0.0272
2024-08,econ,127,290,0.7952755905511811,-0.0451,-0.0994,-0.1112
2024-08,eess,865,3665,1.1271676300578035,-0.0768,-0.1251,0.0447
2024-08,gr-qc,280,702,0.9392857142857143,-0.2453,-0.307,-0.1155
2024-08,hep-ex,63,4440,0.4444444444444444,-0.2759,-0.1286,-0.1773
2024-08,hep-lat,20,80,1.15,-0.4118,-0.4631,-0.202
2024-08,hep-ph,417,1252,0.9064748201438849,-0.1013,-0.1642,-0.0309
2024-08,hep-th,322,764,1.2080745341614907,-0.0852,-0.1259,0.0848
2024-08,math,2857,5976,0.7854392719635982,-0.1515,-0.1532,-0.0223
2024-08,math-ph,84,191,2.5595238095238093,-0.2881,-0.2539,-0.0162
2024-08,nlin,66,165,1.2727272727272727,-0.2326,-0.3478,0.0627
2024-08,nucl-ex,24,835,0.7916666666666666,-0.4545,-0.4241,0.1237
2024-08,nucl-th,94,309,1.0957446808510638,-0.1897,-0.1603,0.1555
2024-08,physics,1160,7563,0.5077586206896552,-0.0816,0.0532,-0.0513
2024-08,q-bio,183,793,0.907103825136612,-0.2311,-0.402,-0.0531
2024-08,q-fin,90,238,1.0222222222222221,-0.011,0.128,0.2743
2024-08,quant-ph,784,3393,0.8073979591836735,-0.0809,0.0316,-0.0147
2024-08,stat,408,1233,0.8848039215686274,-0.079,-0.1537,0.1806
2024-09,astro-ph,1439,11303,0.2571230020847811,0.231,0.2167,-0.0397
2024-09,cond-mat,1381,6373,0.40839971035481537,0.0352,0.0098,-0.098
2024-09,cs,8469,32157,0.2543393552957846,0.138,0.1151,0.0293
2024-09,econ,135,339,0.9407407407407408,0.063,0.169,0.1829
2024-09,eess,1170,4886,1.2333333333333334,0.3526,0.3332,0.0942
2024-09,gr-qc,328,889,1.0548780487804879,0.1714,0.2664,0.1231
2024-09,hep-ex,85,3544,0.4,0.3492,-0.2018,-0.1
2024-09,hep-lat,49,153,1.2857142857142858,1.45,0.9125,0.118
2024-09,hep-ph,477,1459,0.9538784067085954,0.1439,0.1653,0.0523
2024-09,hep-th,297,735,1.0404040404040404,-0.0776,-0.038,-0.1388
2024-09,math,3287,6999,0.7788256769090356,0.1505,0.1712,-0.0084
2024-09,math-ph,109,242,2.6605504587155964,0.2976,0.267,0.0395
2024-09,nlin,81,225,1.1975308641975309,0.2273,0.3636,-0.0591
2024-09,nucl-ex,50,1024,0.64,1.0833,0.2263,-0.1916
2024-09,nucl-th,88,278,0.9431818181818182,-0.0638,-0.1003,-0.1392
2024-09,physics,1349,7835,0.5337286879169756,0.1629,0.036,0.0511
2024-09,q-bio,267,1217,1.0524344569288389,0.459,0.5347,0.1602
2024-09,q-fin,106,271,0.8962264150943396,0.1778,0.1387,-0.1233
2024-09,quant-ph,821,3405,0.8453105968331304,0.0472,0.0035,0.047
2024-09,stat,460,1339,0.8608695652173913,0.1275,0.086,-0.0271
2024-10,astro-ph,1644,14228,0.2384428223844282,0.1425,0.2588,-0.0727
2024-10,cond-mat,1534,7301,0.45632333767926986,0.1108,0.1456,0.1173
2024-10,cs,11059,40514,0.2563522922506556,0.3058,0.2599,0.0079
2024-10,econ,147,286,0.8571428571428571,0.0889,-0.1563,-0.0889
2024-10,eess,1025,4409,1.217560975609756,-0.1239,-0.0976,-0.0128
2024-10,gr-qc,365,1002,1.0465753424657533,0.1128,0.1271,-0.0079
2024-10,hep-ex,88,4262,0.42045454545454547,0.0353,0.2026,0.0511
2024-10,hep-lat,52,194,1.2115384615384615,0.0612,0.268,-0.0577
2024-10,hep-ph,485,1482,0.9649484536082474,0.0168,0.0158,0.0116
2024-10,hep-th,345,845,1.1014492753623188,0.1616,0.1497,0.0587
2024-10,math,3547,7303,0.8012404849168311,0.0791,0.0434,0.0288
2024-10,math-ph,130,279,2.5,0.1927,0.1529,-0.0603
2024-10,nlin,77,216,1.2597402597402598,-0.0494,-0.04,0.0519
2024-10,nucl-ex,31,751,1.032258064516129,-0.38,-0.2666,0.6129
2024-10,nucl-th,97,306,0.8865979381443299,0.1023,0.1007,-0.06
2024-10,physics,1476,7903,0.5643631436314364,0.0941,0.0087,0.0574
2024-10,q-bio,293,1341,1.075085324232082,0.0974,0.1019,0.0215
2024-10,q-fin,106,277,1.0660377358490567,0.0,0.0221,0.1895
2024-10,quant-ph,965,3670,0.8808290155440415,0.1754,0.0778,0.042
2024-10,stat,663,2033,0.9457013574660633,0.4413,0.5183,0.0985
2024-11,astro-ph,1379,11018,0.233502538071066,-0.1612,-0.2256,-0.0207
2024-11,cond-mat,1460,6999,0.4273972602739726,-0.0482,-0.0414,-0.0634
2024-11,cs,8216,32159,0.25985881207400197,-0.2571,-0.2062,0.0137
2024-11,econ,173,414,0.9595375722543352,0.1769,0.4476,0.1195
2024-11,eess,961,4095,1.222684703433923,-0.0624,-0.0712,0.0042
2024-11,gr-qc,337,1147,1.002967359050445,-0.0767,0.1447,-0.0417
2024-11,hep-ex,79,3521,0.4810126582278481,-0.1023,-0.1739,0.144
2024-11,hep-lat,71,325,1.0704225352112675,0.3654,0.6753,-0.1165
2024-11,hep-ph,460,1352,0.941304347826087,-0.0515,-0.0877,-0.0245
2024-11,hep-th,379,893,1.1451187335092348,0.0986,0.0568,0.0396
2024-11,math,3308,6985,0.7880894800483675,-0.0674,-0.0435,-0.0164
2024-11,math-ph,102,225,2.4705882352941178,-0.2154,-0.1935,-0.0118
2024-11,nlin,72,200,1.375,-0.0649,-0.0741,0.0915
2024-11,nucl-ex,39,1780,0.8461538461538461,0.2581,1.3702,-0.1803
2024-11,nucl-th,115,364,0.9565217391304348,0.1856,0.1895,0.0789
2024-11,physics,1341,7343,0.47949291573452646,-0.0915,-0.0709,-0.1504
2024-11,q-bio,243,1040,0.9670781893004116,-0.1706,-0.2245,-0.1005
2024-11,q-fin,117,286,0.8803418803418803,0.1038,0.0325,-0.1742
2024-11,quant-ph,889,3462,0.8875140607424072,-0.0788,-0.0567,0.0076
2024-11,stat,487,1500,0.8234086242299795,-0.2655,-0.2622,-0.1293
2024-12,astro-ph,1281,9736,0.27946916471506633,-0.0711,-0.1164,0.1969
2024-12,cond-mat,1549,7204,0.45190445448676564,0.061,0.0293,0.0573
2024-12,cs,9079,34811,0.24242758012997026,0.105,0.0825,-0.0671
2024-12,econ,139,314,0.8705035971223022,-0.1965,-0.2415,-0.0928
2024-12,eess,884,3681,1.1357466063348416,-0.0801,-0.1011,-0.0711
2024-12,gr-qc,375,1010,1.0293333333333334,0.1128,-0.1194,0.0263
2024-12,hep-ex,103,3958,0.6213592233009708,0.3038,0.1241,0.2918
2024-12,hep-lat,80,302,1.3125,0.1268,-0.0708,0.2262
2024-12,hep-ph,569,1729,0.9507908611599297,0.237,0.2788,0.0101
2024-12,hep-th,450,1153,1.1933333333333334,0.1873,0.2912,0.0421
2024-12,math,3553,7352,0.7872220658598368,0.0741,0.0525,-0.0011
2024-12,math-ph,120,243,2.55,0.1765,0.08,0.0321
2024-12,nlin,80,228,1.2625,0.1111,0.14,-0.0818
2024-12,nucl-ex,42,917,0.6428571428571429,0.0769,-0.4848,-0.2403
2024-12,nucl-th,92,388,1.1304347826086956,-0.2,0.0659,0.1818
2024-12,physics,1277,7161,0.5426781519185592,-0.0477,-0.0248,0.1318
2024-12,q-bio,245,1143,0.9224489795918367,0.0082,0.099,-0.0461
2024-12,q-fin,93,257,0.9354838709677419,-0.2051,-0.1014,0.0626
2024-12,quant-ph,872,3915,0.8302752293577982,-0.0191,0.1308,-0.0645
2024-12,stat,452,1411,0.7477876106194691,-0.0719,-0.0593,-0.0918
2025-01,astro-ph,1336,12705,0.25149700598802394,0.0429,0.305,-0.1001
2025-01,cond-mat,1387,6986,0.46431146359048303,-0.1046,-0.0303,0.0275
2025-01,cs,7709,31207,0.283434946166818,-0.1509,-0.1035,0.1692
2025-01,econ,154,349,0.948051948051948,0.1079,0.1115,0.0891
2025-01,eess,923,3760,1.161430119176598,0.0441,0.0215,0.0226
2025-01,gr-qc,276,799,1.1014492753623188,-0.264,-0.2089,0.0701
2025-01,hep-ex,75,2987,0.52,-0.2718,-0.2453,-0.1631
2025-01,hep-lat,102,292,0.8725490196078431,0.275,-0.0331,-0.3352
2025-01,hep-ph,404,1222,0.948019801980198,-0.29,-0.2932,-0.0029
2025-01,hep-th,263,614,1.0228136882129277,-0.4156,-0.4675,-0.1429
2025-01,math,3182,6513,0.7913262099308611,-0.1044,-0.1141,0.0052
2025-01,math-ph,93,188,2.5591397849462365,-0.225,-0.2263,0.0036
2025-01,nlin,77,193,1.051948051948052,-0.0375,-0.1535,-0.1668
2025-01,nucl-ex,37,1111,0.7027027027027027,-0.119,0.2116,0.0931
2025-01,nucl-th,81,281,0.8518518518518519,-0.1196,-0.2758,-0.2464
2025-01,physics,1315,6694,0.49961977186311785,0.0298,-0.0652,-0.0793
2025-01,q-bio,197,939,0.8934010152284264,-0.1959,-0.1785,-0.0315
2025-01,q-fin,74,184,0.918918918918919,-0.2043,-0.284,-0.0177
2025-01,quant-ph,768,3042,0.8151041666666666,-0.1193,-0.223,-0.0183
2025-01,stat,475,1451,0.7957894736842105,0.0509,0.0283,0.0642
2025-02,astro-ph,1282,11092,0.26911076443057724,-0.0404,-0.127,0.07
2025-02,cond-mat,1426,7392,0.37657784011220197,0.0281,0.0581,-0.189
2025-02,cs,10339,39558,0.23812747847954346,0.3412,0.2676,-0.1599
2025-02,econ,167,346,0.8682634730538922,0.0844,-0.0086,-0.0842
2025-02,eess,853,3683,1.0351699882766705,-0.0758,-0.0205,-0.1087
2025-02,gr-qc,294,959,1.1360544217687074,0.0652,0.2003,0.0314
2025-02,hep-ex,86,5214,0.6976744186046512,0.1467,0.7456,0.3417
2025-02,hep-lat,103,367,0.8737864077669902,0.0098,0.2568,0.0014
2025-02,hep-ph,404,1240,1.00990099009901,0.0,0.0147,0.0653
2025-02,hep-th,269,642,1.1635687732342008,0.0228,0.0456,0.1376
2025-02,math,3105,6557,0.8360708534621578,-0.0242,0.0068,0.0565
2025-02,math-ph,78,179,2.423076923076923,-0.1613,-0.0479,-0.0532
2025-02,nlin,68,211,0.8970588235294118,-0.1169,0.0933,-0.1472
2025-02,nucl-ex,23,502,0.7391304347826086,-0.3784,-0.5482,0.0518
2025-02,nucl-th,93,325,0.9354838709677419,0.1481,0.1566,0.0982
2025-02,physics,1221,6623,0.4881244881244881,-0.0715,-0.0106,-0.023
2025-02,q-bio,243,1337,0.9670781893004116,0.2335,0.4239,0.0825
2025-02,q-fin,84,243,1.0,0.1351,0.3207,0.0882
2025-02,quant-ph,793,3098,0.7957124842370744,0.0326,0.0184,-0.0238
2025-02,stat,588,1829,0.9149659863945578,0.2379,0.2605,0.1498
2025-03,astro-ph,1596,13154,0.2462406015037594,0.2449,0.1859,-0.085
2025-03,cond-mat,1789,8874,0.41811067635550586,0.2546,0.2005,0.1103
2025-03,cs,10914,41467,0.2113798790544255,0.0556,0.0483,-0.1123
2025-03,econ,192,458,0.9270833333333334,0.1497,0.3237,0.0677
2025-03,eess,1184,4919,1.1731418918918919,0.388,0.3356,0.1333
2025-03,gr-qc,339,1351,0.9911504424778761,0.1531,0.4088,-0.1276
2025-03,hep-ex,135,6329,0.7185185185185186,0.5698,0.2138,0.0299
2025-03,hep-lat,50,198,1.06,-0.5146,-0.4605,0.2131
2025-03,hep-ph,478,2051,0.9790794979079498,0.1832,0.654,-0.0305
2025-03,hep-th,352,846,1.0625,0.3086,0.3178,-0.0869
2025-03,math,3605,7458,0.7894590846047157,0.161,0.1374,-0.0558
2025-03,math-ph,98,210,2.693877551020408,0.2564,0.1732,0.1118
2025-03,nlin,77,203,1.2207792207792207,0.1324,-0.0379,0.3609
2025-03,nucl-ex,33,714,0.8484848484848485,0.4348,0.4223,0.148
2025-03,nucl-th,118,368,0.8898305084745762,0.2688,0.1323,-0.0488
2025-03,physics,1480,10769,0.5594594594594594,0.2121,0.626,0.1461
2025-03,q-bio,259,1313,0.9420849420849421,0.0658,-0.018,-0.0258
2025-03,q-fin,104,281,0.7596153846153846,0.2381,0.1564,-0.2404
2025-03,quant-ph,980,4092,0.6948979591836735,0.2358,0.3209,-0.1267
2025-03,stat,573,1834,0.8638743455497382,-0.0255,0.0027,-0.0558
2025-04,astro-ph,1459,11037,0.2967786154900617,-0.0858,-0.1609,0.2052
2025-04,cond-mat,1442,7531,0.39528432732316227,-0.194,-0.1513,-0.0546
2025-04,cs,9432,37407,0.23367260390161154,-0.1358,-0.0979,0.1055
2025-04,econ,154,346,1.0064935064935066,-0.1979,-0.2445,0.0857
2025-04,eess,970,3935,1.1041237113402063,-0.1807,-0.2,-0.0588
2025-04,gr-qc,357,857,0.9495798319327731,0.0531,-0.3657,-0.0419
2025-04,hep-ex,87,5622,0.5977011494252874,-0.3556,-0.1117,-0.1681
2025-04,hep-lat,44,166,1.3636363636363635,-0.12,-0.1616,0.2864
2025-04,hep-ph,434,1653,1.0069124423963134,-0.0921,-0.1941,0.0284
2025-04,hep-th,301,726,1.0598006644518272,-0.1449,-0.1418,-0.0025
2025-04,math,3462,7202,0.7900057770075101,-0.0397,-0.0343,0.0007
2025-04,math-ph,96,194,2.6666666666666665,-0.0204,-0.0762,-0.0101
2025-04,nlin,85,225,0.8,0.1039,0.1084,-0.3447
2025-04,nucl-ex,43,1493,0.7441860465116279,0.303,1.091,-0.1229
2025-04,nucl-th,125,382,0.928,0.0593,0.038,0.0429
2025-04,physics,1373,9325,0.5338674435542607,-0.0723,-0.1341,-0.0457
2025-04,q-bio,223,1337,0.8340807174887892,-0.139,0.0183,-0.1146
2025-04,q-fin,78,196,0.8717948717948718,-0.25,-0.3025,0.1477
2025-04,quant-ph,971,3822,0.8218331616889805,-0.0092,-0.066,0.1827
2025-04,stat,486,1470,0.8045267489711934,-0.1518,-0.1985,-0.0687
2025-05,astro-ph,990,8901,0.23434343434343435,-0.3215,-0.1935,-0.2104
2025-05,cond-mat,1041,5206,0.38232468780019213,-0.2781,-0.3087,-0.0328
2025-05,cs,7742,31311,0.2591061741152157,-0.1792,-0.163,0.1088
2025-05,econ,126,282,1.0952380952380953,-0.1818,-0.185,0.0882
2025-05,eess,739,3281,1.1380243572395128,-0.2381,-0.1662,0.0307
2025-05,gr-qc,251,707,0.9601593625498008,-0.2969,-0.175,0.0111
2025-05,hep-ex,70,4144,0.42857142857142855,-0.1954,-0.2629,-0.283
2025-05,hep-lat,30,146,1.6,-0.3182,-0.1205,0.1733
2025-05,hep-ph,321,1106,0.8566978193146417,-0.2604,-0.3309,-0.1492
2025-05,hep-th,239,569,1.0,-0.206,-0.2163,-0.0564
2025-05,math,2423,5082,0.7593891869583161,-0.3001,-0.2944,-0.0388
2025-05,math-ph,94,204,2.3297872340425534,-0.0208,0.0515,-0.1263
2025-05,nlin,56,151,1.2142857142857142,-0.3412,-0.3289,0.5179
2025-05,nucl-ex,30,1766,0.7,-0.3023,0.1829,-0.0594
2025-05,nucl-th,91,256,0.7912087912087912,-0.272,-0.3298,-0.1474
2025-05,physics,970,5377,0.48041237113402063,-0.2935,-0.4234,-0.1001
2025-05,q-bio,174,850,0.9022988505747126,-0.2197,-0.3642,0.0818
2025-05,q-fin,55,164,1.2181818181818183,-0.2949,-0.1633,0.3973
2025-05,quant-ph,682,2879,0.7639296187683284,-0.2976,-0.2467,-0.0705
2025-05,stat,430,1389,0.9465116279069767,-0.1152,-0.0551,0.1765
